1A0C;EA5RM;2019-07
3B7A;F5CWU;2018-04
3B8/OK1BIL;OK1BIL;2018-11
3B8/OK2ZI;OK2ZI;2018-08
3B8CW;N4GNR;2019-01
3B8MB;IW3HVB;2018-04
3B8VB;UA4WHX;2019-01
3B8XF;G3TXF;2018-03
3B9RUN;EA7FTR;2018-05
3B9VB;UA4WHX;2019-01
3C0W;YL2GN;2018-03
3C3W;YL2GN;2018-02
3D2/KD7WPJ;KD7WPJ;2019-05
3D2AD;YT1AD;2019-01
3D2AR;HA0NAR;2018-12
3D2AS;M0OXO;2019-04
3D2AZ;KD7WPJ;2019-05
3D2DJ;JA1IST;2018-02
3D2EU;DK2AMM;2018-02
3D2FD;N2ZN;2018-07
3D2GE;OE3GEA;2018-02
3D2JS;WB2JTO;2018-01
3D2TS;FK1TS;2019-10
3D2VR;DD0VR;2019-09
3DA0AO;HA5AO;2018-09
3E1FD;HP1RCP;2019-08
3E1JT;HP1ALX;2018-10
3E3E;AC2OV;2019-06
3F6IC;HP1AVS;2018-05
3G3G;EA5GL;2019-07
3G3N;CE3NR;2019-03
3G3W;XQ4CW;2019-03
3G4NU;CE4CNU;2018-09
3G5A;CE5JTC;2019-01
3G9A/MM;N2OO;2018-02
3V8CB;LX1NO;2019-08
3V8CQ;EI9FBB;2018-01
3V8SF;LX1NO;2018-10
3V8SS;LX1NO;2019-07
3W1T;XV1X;2018-12
3W2TXR;JA2TXR;2018-03
3W3B;E21EIC;2019-08
3W9A;KU1CW;2019-10
3W9CI;RM0F;2018-03
3W9CJ;JA1DXA;2019-02
3W9CJ;JE1STF;2019-02
3W9CQ;EA5BCQ;2018-07
3W9DLE;W0DLE;2018-02
3W9JF;EA5GL;2019-02
3W9JK;SP5APW;2018-09
3W9JK/P;SP5APW;2018-09
3W9KJ;SP5APW;2019-09
3W9KW;DK8KW;2019-10
3W9ND;LZ1COM;2019-01
3W9NH;JA0JHQ;2018-06
3W9QR;JJ1DQR;2019-10
3Y0Z;N2OO;2018-02
3Z0BLY;SP2PMW;2018-07
3Z0HDE;SQ8W;2018-03
3Z0I;SP7PTM;2018-05
3Z0R;SP9SX;2019-08
3Z0TECH;3Z6AEF;2019-09
3Z100I;SP9YGD;2018-10
3Z100K;SP7CVW;2018-02
3Z100M;SP6IEQ;2018-10
3Z100N;SP5UHW;2018-01
3Z100N;SP7PCA;2018-10
3Z100POL;SP6PZG;2018-10
3Z100PW;SP3POW;2019-01
3Z100ZHP;SP9KGC;2018-09
3Z15UE;SP6ZJP;2019-06
3Z18HNY;SP6IEQ;2018-01
3Z18MPS;SP1PMY;2019-06
3Z1918N;SP6ZJP;2018-05
3Z1919PS;SP9PNB;2019-08
3Z1ESH;SP2PBY;2018-03
3Z1OD;SP1PBT;2019-05
3Z25RE;SP5DZC;2018-04
3Z50DVP;SP6DVP;2019-10
3Z50GR;SP9GR;2019-10
3Z50KP;SP5KP;2019-09
3Z70I;SP5PDB;2018-05
3Z70ISRAEL;SP5PDB;2018-05
3Z80OWG;SP9PSB;2019-09
3Z9M;SQ9UM;2019-10
4B4B;XE1B;2018-02
4D3X;W3HNK;2019-03
4E1A;9V1KG;2019-10
4E1CVB/4;JA1PBV;2018-12
4E1FJE;JN3VQM;2019-08
4E8T;M0OXO;2019-04
4H1K;DU1KIR;2018-03
4J100A;4J5A;2018-04
4J100RO;4K4K;2018-03
4J28MAY;4J5A;2018-03
4J4K;4K4K;2019-06
4JT0SFR;4K4K;2018-02
4JT5A;4J5A;2019-02
4K/DL7ZM;AD0PY;2018-06
4K100K;4K4K;2018-04
4K100W;DL6KVA;2018-02
4K28MAY;4K4K;2018-02
4K6AG;DC9RI;2019-01
4K6FO;DC9RI;2019-10
4K6MAR;EA5GL;2019-06
4K6N;RW6HS;2019-08
4K7Z;RU3SD;2018-10
4KT4K;4K4K;2019-02
4L/DL7ZM;AD0PY;2019-07
4L/F5RAV;F5RAV;2019-03
4L/G4ENL;N4GNR;2019-08
4L/LY4ZZ;LY4ZZ;2019-10
4L/R1CC;DJ1ND;2018-09
4L/SP9DLM;SP9DLM;2019-07
4L/TA7AOF;TA7AOF;2018-02
4L/TA7AZC;TA7AZC;2018-02
4L0G;EA7FTR;2019-02
4L0ONY;DL7CM;2018-05
4L1R;W3HNK;2018-12
4L2M;EA7FTR;2019-08
4L5P;UT7QF;2019-07
4L6QL;RW6HS;2019-07
4L6QR;RW6HS;2018-12
4L8A;K1BV;2019-07
4L9M;R3XA;2019-10
4L9S;OE1ZKC;2019-05
4M6R;EA5GL;2018-03
4O/E73A;9A2AA;2018-09
4O/E77DX;E77E;2019-07
4O/US7IM;US7IM;2019-06
4O1KZL;OK1KZL;2018-04
4O1KZL;OK3DV;2019-10
4O1YCP;4O1HQ;2018-10
4O2YCP;4O1HQ;2018-10
4O4T;YU4DPR;2019-10
4O4YCP;4O1HQ;2018-10
4O7CC;UA4CC;2019-09
4O7TC;UA3TCJ;2019-10
4S7DMG;SP9DLM;2018-08
4S7IGG;LZ1PJ;2018-03
4S7KCG;JH3KCW;2018-04
4S7NHG;LZ1NK;2018-02
4S7NKG;LZ1NK;2018-02
4S7RO;DJ9ZB;2018-09
4S7UJG;JA3UJR;2018-04
4S7VK;DJ9ZB;2019-03
4S7YSG;JA2SWH;2019-08
4T18PAX;OA4O;2018-01
4T4O;OA4O;2019-04
4U0R;UA3DX;2018-02
4U13FEB;9A2AA;2018-02
4U18FIFA;UA3DX;2018-06
4U1A;UA3DX;2019-07
4U1UN;HB9BOU;2018-09
4U1WB;KK4HD;2019-08
4U1XMAS;UA3DX;2018-12
4U25B;9A2AA;2019-10
4U29MAY;9A2AA;2018-05
4U2U;UA3DX;2019-10
4U500M;UA3DX;2019-09
4U73B;9A2AA;2018-10
4U80FOC;S57DX;2018-05
4V1WWV;W3HNK;2019-10
4W/DS3EXX;DS3EXX;2018-11
4W/HL1AHS;HL1AHS;2018-11
4W6VA;K7TRB;2018-07
4X/KL7SB;N4GNR;2019-08
4X0A;K1FJ;2018-11
4X0B;4X6ZM;2019-10
4X0M;IK2DUW;2019-01
4X0T;4Z5FI;2019-10
4X1DX;4X6OM;2018-10
4X1KS/LH;4X1KS;2019-08
4X1SPACE;4Z4KX;2019-04
4X1VF;K1FJ;2019-09
4X6FR;4X6OM;2019-08
4X7R;4X6OM;2019-10
4Y1A;UA3DX;2019-07
4Z1MOON;4Z4KX;2019-04
4Z4AK;4Z5MU;2019-08
4Z5SL/LH;4Z5SL;2019-08
4Z7Z;4X1DX;2019-03
4Z80FOC;4Z4KX;2018-05
5A3YAZ;EA5XV;2018-08
5B/DL2SBY;DL2SBY;2019-09
5B/OH2LZC;OH2LZC;2019-09
5B/PD2GJS;PD2GJS;2019-09
5B/ZS1OIN;ZS1OIN;2019-06
5B19CWC;5B4AJT;2019-06
5B4AJC;UA3DX;2019-10
5B4ALG;EC6DX;2018-10
5B4ALJ;UT7UW;2018-03
5B4ALX;IZ4AMS;2019-07
5B4AMM;UT5UDX;2019-10
5B4AMX;LZ3SM;2019-08
5B4NC;5B4KH;2019-04
5B80FOC;M0URX;2018-05
5C1M;RW6HS;2019-07
5C20FT;RW6HS;2019-08
5C2P;IK2PZC;2018-05
5C43AM;CN8AM;2018-11
5C43MAA;CN8MAA;2018-11
5C43MC;EA7FTR;2018-11
5C43PA;EA7FTR;2018-11
5C43RAH;EA7FTR;2018-11
5C43SG;EA7FTR;2018-11
5C5AF;I8LWL;2018-04
5C9A;I8LWL;2019-07
5E5A;EA7FTR;2018-08
5E5AM;EA7FTR;2018-08
5E5PG;EA7FTR;2018-09
5E5R;CN8YZ;2018-09
5E5VO;CN8VO;2018-09
5E5WW;CN8WW;2018-09
5E6A;EA7FTR;2019-08
5F13SIA;CN8WW;2018-04
5H0JK;AK4JK;2018-02
5H1TMM;IV3TMM;2018-02
5H1XY;DF3XY;2019-07
5H3CA;RC5A;2019-09
5H3DX;NK8O;2019-09
5H3MB;IK2GZU;2019-09
5H3RRC;RC5A;2019-09
5J500D;HK3VHZ;2019-10
5J500L;HK3VHZ;2019-10
5J500LDV;HK3VHZ;2019-10
5J500V;HK3VHZ;2019-10
5K0K;OK6DJ;2019-10
5K2M;K6IPM;2019-08
5K6MZL;5K6RM;2019-10
5P0WARD;OZ1ACB;2018-04
5P0WHD;OZ1ACB;2019-04
5P19CWC;OZ1ACB;2019-06
5P1PT;DL1PT;2019-03
5P2I/P;OZ2I;2019-07
5P3KP;DL3KP;2018-03
5P4MAN;OZ1KZX;2018-07
5P5SAM;OZ1KZX;2019-07
5P5SAM;5P1KZX;2019-08
5P5X;DD5ZZ;2018-07
5P6G;DD5ZZ;2019-07
5P8VW/P;DJ8VW;2018-12
5P8X;OZ8X;2018-09
5P9O;DK2DO;2018-08
5Q0PI;OZ6PI;2018-01
5Q2A;OZ2A;2019-09
5Q5W;DL2SWW;2018-09
5Q6D;OE9KFV;2018-06
5Q6EE;OZ1BII;2018-09
5Q6EE;OZ2I;2019-05
5Q7DX;PA7JWC;2019-10
5Q8FWC;OZ1ACB;2018-06
5Q9F;OE9KFV;2018-06
5R8AL;G3SWH;2019-09
5R8PX;IK2DUW;2019-07
5R8UI;IZ8CCW;2019-08
5R8UM;K2BB;2018-11
5T2AI;N4GNR;2019-01
5T2KW;PA2KW;2019-04
5T5PA;PA5X;2019-02
5U7R;SM7EHU;2018-04
5V7EI;M0OXO;2019-03
5W0DF;N2ZN;2018-06
5W0DJ;VK4MAP;2018-09
5W0FY;M0OXO;2019-10
5W0GC;LZ1GC;2018-09
5W0GK;M0OXO;2019-10
5W0H;EB7DX;2019-05
5W0LR;AD7AF;2018-02
5W0NA;K6VHF;2019-10
5W0TB;JF1OCQ;2018-10
5W0VR;DD0VR;2019-09
5W1SA;JA1DXA;2019-07
5W20SAMOA;5W1SA;2018-03
5W20SAMOA;EA5GL;2018-03
5W2IQ;WB2IQU;2018-10
5W2TB;JJ1TBB;2018-11
5X2S;JA1PBV;2018-01
5X3C;I2YSB;2019-03
5X3E;I2YSB;2019-03
5X7W;SM0HPL;2019-06
5X8C;ON6NL;2019-09
5Z4/WA5A;WA5A;2018-10
5Z4LS;G3RWF;2018-11
5Z4ZC;PA3CPK;2019-04
6E0P;XE1EE;2019-03
6E2TAM;XE2BVM;2019-07
6E5RM;XE3N;2018-05
6E5RM/XF3;XE3N;2018-05
6M6M;DS1SYV;2018-06
6O0X;DJ6SI;2018-05
6O1OO;EP3CQ;2019-01
6O6O;M0OXO;2018-01
6O7O;M0OXO;2019-09
6OX;DJ6SI;2018-05
6V1A;6W1QL;2018-12
6W/DC4CQ;DC4CQ;2018-04
6W/IK5BSC;IK2DUW;2019-03
6W/IV3FSG;IK3GES;2018-03
6W/ON4AZP;ON4AZP;2018-06
6W1RW;F6BEE;2019-10
6W1RY;F5VHJ;2019-10
6W1RY;WA6WPG;2019-10
6W1SR;F6EPY;2019-09
6W1SU;M0URX;2019-07
6W1TA;F5PRU;2019-05
6W7/ON4AVT;ON4AVT;2019-02
6Y3J;JJ2RCJ;2019-06
6Y3T;M0URX;2018-11
6Y3Y;JJ2RCJ;2019-06
6Y5IDX;VO1IDX;2018-04
6Y5KB;DL2SBY;2019-03
6Y6J;JA3AVO;2018-01
7A2A;YB2DX;2019-10
7I1TI;HA3JB;2019-09
7P8AO;HA5AO;2019-09
7P8LB;M0OXO;2019-03
7Q6M;K6ZO;2019-09
7Q7EI;M0OXO;2018-03
7Q7ELA;IW5ELA;2018-09
7Q7JK;WB6OJB;2018-07
7Q7JN;EA5GL;2019-10
7Q7JW;N6JW;2018-01
7Q7M;W7KFI;2018-11
7Q7W;DK2WV;2018-11
7Q7WW;KC4D;2019-09
7S2G;SM2GSR;2018-11
7S2W;SM2EKM;2019-08
7S5A;SM4DDS;2019-07
7S6WRD;SK6SAQ;2019-01
7S75AA;SK5AA;2018-01
7S75AA;SM5FUG;2018-01
7S7SOP;SM7RYR;2019-07
7V5ID;7X4CZ;2018-06
7X2ET;M0NPT;2018-09
7X2RO;OM3CGN;2018-05
7X2TT;EA5GL;2019-07
7X3WPL;7X3DL;2019-09
7X5FG;F6FZG;2018-03
7X5JF;DJ8QP;2018-12
7X5NZ;EA7FTR;2019-07
7Z88ND;HZ1BF;2018-09
8J0M;JP7FSO;2019-01
8J1IRW;JH1DSF;2018-04
8J20GAKI;JJ2ONH;2019-01
8J2M;JP7FSO;2019-01
8J2OGAKI;JJ2ONH;2018-03
8J3AC;JA3PYH;2019-04
8J3B;JK3IJQ;2018-02
8J7AIZU;JN7GLC;2019-06
8J7HCB;JK7LXU;2018-01
8J9M;JP7FSO;2019-01
8N1080S;JF1CCH;2018-06
8N1UEC/JD1;JA1ZGP;2018-03
8P1W;8P6ET;2018-05
8P1W;KU9C;2019-09
8P2K;KU9C;2019-07
8P5A;HA1AG;2019-07
8P6ET/P;KU9C;2019-09
8P9AE;DL7DF;2018-10
8P9BL;G4HUN;2019-06
8P9DA;WW5DD;2018-10
8Q7AM;IW0HBY;2019-10
8Q7DM;SP3DX;2019-03
8Q7DT;SM0UDH;2018-06
8Q7DX;OE1EMS;2018-11
8Q7EC;OE3DEC;2018-09
8Q7GB;IZ2DLV;2019-08
8Q7HI;WM6A;2018-05
8Q7IP;HA3JB;2018-09
8Q7JX;JR3RIU;2018-11
8Q7NH;JA0JHQ;2019-04
8Q7PE;PE7T;2018-10
8Q7SD;JF2SDR;2018-09
8Q7UA;UT4UEP;2019-01
8Q7WK;OE1MWW;2018-03
8Q7XB;JA7XBG;2019-04
8R1/AH0G;DK7PE;2019-09
8R1CW;DK7PE;2019-09
8S0W;SM0NJO;2019-08
8S7LHJ;SK7CA;2019-08
8S8ODEN;SA2LLL;2018-09
8T8A;VU3ELR;2019-03
8T8S;VU2AE;2018-03
8Z88ND;HZ1BF;2018-09
9A/DL1FDH;DL1FDH;2019-09
9A/DL3NCI;DL3NCI;2018-07
9A/DL6MDA;DL6MDA;2019-08
9A/IK4LZH;IK4LZH;2018-08
9A/IV3WMS;IV3WMS;2018-05
9A/IZ0FYL;IZ0FYL;2019-08
9A/S52DG/P;S52DG;2018-04
9A/S55G/P;S55G;2019-07
9A/S56LXN/P;S56LXN;2019-09
9A01GPPVC;9A5WW;2019-07
9A0BB;9A3JB;2018-03
9A0HQ;9A3JB;2019-07
9A0HRS;9A3JB;2019-08
9A18WARD;9A3JB;2018-05
9A1WFF;9A2MF;2018-09
9A200S;9A2MF;2018-02
9A2018CRO;9A7R;2018-08
9A22RBM;9A4J;2018-04
9A25RRC;RZ3EC;2018-07
9A2L;9A3DF;2019-07
9A2L/P;9A3DF;2019-08
9A36W;9A6W;2018-03
9A4KJ;9A2EU;2018-07
9A525Z;9A2DM;2019-10
9A5D/P;9A1BHI;2019-08
9A5PC;NF4A;2018-09
9A5Y;9A7W;2018-11
9A60KDE;9A1AA;2018-02
9A60KDE;9A2VR;2019-01
9A61AA;9A2AA;2018-02
9A62AA;9A2AA;2019-01
9A70A;9A7A;2018-03
9A775O;9A7R;2019-04
9A7T;9A2EU;2019-08
9A8CW;UA6LCW;2018-09
9A8DV;IK6VXO;2019-08
9A8NXC;IK3GES;2018-04
9A8TQF;HB9TQF;2019-08
9A8VI/P;OE4VIE;2019-10
9A90P;9A2MF;2018-06
9G2DX;M0OXO;2019-03
9G5AR;N4GNR;2018-03
9G5GS;IZ4YGS;2019-02
9G5GS;IZ4GYS;2019-04
9G5QU;N4GNR;2019-09
9G5RV;DL8MEZ;2019-01
9G5ZS;ZS1XB;2018-03
9H18VLT;9H1SP;2018-02
9H1PF;N4GNR;2019-01
9H3AB;SP4R;2018-04
9H3AF;G8MLQ;2018-03
9H3AXX;G4AXX;2018-08
9H3FR;DJ0BFS;2018-07
9H3GG;EA1AST;2018-10
9H3GK;DL7OO;2018-09
9H3GO;IZ8ALA;2018-05
9H3HI;EU4CK;2019-03
9H3HZ;TA1HZ;2018-07
9H3IK;IK0PUL;2019-06
9H3IT;IK4ALM;2019-08
9H3JI;F5SGI;2018-05
9H3JK;ZB2JK;2018-11
9H3KC;EI8GVB;2018-09
9H3ME;DO7DOC;2018-04
9H3MN;DF1DN;2019-08
9H3RR;2E0EDF;2018-09
9H3RS;DM7XX;2019-10
9H3SJ;JR1VAY;2018-05
9H3SV;SV2CLJ;2018-05
9H3T;PC3T;2019-09
9H3TG;DO8TIG;2018-09
9H3TKF;G3TKF;2018-08
9H3XN;G4XNG;2018-09
9H3XSV;G3XSV;2018-08
9H3YO;YO7CKQ;2019-04
9H3YY;DL2JRM;2019-10
9H3ZY;OK1FZM;2018-10
9H6A;9H1BT;2019-10
9H6A;9H1XT;2019-10
9H6P;SP1IT;2019-04
9H6YB;G3SWH;2018-07
9H9DD;DD5DD;2019-09
9H9DD;OK8ZZ;2019-10
9H9SEL;9H1XT;2019-08
9H9XX;DL2JRM;2019-10
9J2BO;G3TEV;2019-08
9J2MYT;IK1MYT;2019-10
9J80FOC;G3TEV;2018-05
9K2BS;EC6DX;2019-08
9K2GS;EC5AC;2018-05
9K2GS;EC6DX;2018-10
9K2HQ;EC6DX;2019-09
9K2K;EC5AC;2018-05
9K2K;EC6DX;2018-11
9K2OD;EC6DX;2018-10
9K2YM;EA5KB;2019-08
9K89ND;9K2RA;2019-10
9K9A;EC6DX;2018-11
9K9C;A61BK;2018-03
9K9C;EC6DX;2019-10
9L/KW4XJ;KW4XJ;2018-04
9LY1JM;F5GSJ;2019-01
9M0W;YT1AD;2018-02
9M19TEA;9M2CDX;2019-03
9M2TO;JA0DMV;2019-08
9M4DX;JA6IDJ;2019-09
9M4LHJ;9W2BUG;2018-09
9M4PMC;9M2DA;2018-10
9M4SJSB;9W6DAD;2018-10
9M4SJT;9M2TDX;2019-10
9M50IARU;9M4COK;2018-07
9M61MA;9W2FSY;2018-08
9M61MB;9M4CHS;2018-08
9M61MC;9W2PTA;2018-08
9M61MD;9M2ZOL;2018-08
9M61MJ;9W2JMW;2018-08
9M61MN;9W2ONK;2018-08
9M61MP;9W2EYR;2018-08
9M61MQ;9W8KIF;2018-08
9M61MR;9M4CPS;2018-08
9M61MS;9M6BRC;2018-08
9M61MW;9M4COK;2018-08
9M61MY;9M2OOO;2018-09
9M62MA;9M2OHM;2019-09
9M62MK;9M2YDX;2019-09
9M62MM;9M2MDX;2019-09
9M62MP;9W2EYR;2019-09
9M62MR;9W2VGR;2019-09
9M62MW;9W2VWT;2019-09
9M6NA;JE1JKL;2019-07
9M6SKT;9W6MUL;2018-10
9M6ZAE;W3HNK;2018-09
9M8RC;9W8KIF;2019-07
9M8YY;JR3WXA;2019-07
9N1AA;N4GNR;2019-08
9N1MM;M0OXO;2019-03
9N7AP;JH3AZC;2018-11
9N7BN;JH1NBN;2019-03
9N7WA;R4WAA;2018-04
9Q6BB;W3HNK;2019-06
9U3TMM;IV3TMM;2019-09
9U4RI;M0KRI;2019-02
9V1/OE3GEA;OE3GEA;2019-10
9V1BH;UA0AGI;2019-01
9V1EA;EA5GL;2018-12
9V1YC;W5UE;2019-08
9X0T;I2YSB;2018-09
9X0Y;I2YSB;2018-09
9X2S;JA1PBV;2018-02
9X4XX;LZ3SM;2018-11
9XSDA;M0UPL;2018-02
9Y4/KE1B;KE1B;2018-03
9Y4/LY2IJ;LY2IJ;2018-03
9Y4/W6NN;W6NN;2018-03
9Y4GR;EB7DX;2019-01
9Y4HQ;DF2RG;2018-07
9Z4/DL9OBQ;DL9OBQ;2018-02
A21EME;HB9Q;2019-10
A21EME;PA3CMC;2019-10
A21TX;ZS4TX;2019-10
A25DJ;DJ2HD;2019-01
A25SL;N4GNR;2019-10
A25VR;VE7VR;2018-05
A31GE;OE3GEA;2018-02
A35EU;GM4FDM;2018-11
A35JLL;DL7JLL;2018-08
A35JT;M0OXO;2019-09
A35JY;DD0VR;2019-09
A35RR;ZL1BQD;2018-08
A41CK;A61BK;2019-08
A41KJ;N4GNR;2019-01
A41NN;A61BK;2019-08
A42K;EA5GL;2019-04
A44A;A47RS;2019-09
A52BH;OH2BH;2018-10
A52C;E21EIC;2018-10
A52IC;E21EIC;2018-10
A52IST;JA1HGY;2018-10
A52PD;N2IEN;2018-01
A52PD;NR6M;2018-01
A52YL;WA0WOF;2018-04
A52ZB;DJ9ZB;2018-10
A5A;JH1AJT;2019-09
A60ARS;A61BK;2019-10
A60FIFA;A61BK;2018-06
A60ITU;A61BK;2018-05
A60JOTA;A61BK;2019-10
A60MBZ;A61BK;2018-01
A60SF;A61BK;2018-03
A60YOZ;A61BK;2018-04
A61DD;A92AA;2019-09
A61EK;IZ8CLM;2019-09
A61FJ;LZ1YE;2019-06
A61Q;EA7FTR;2019-08
A65DR;N4GNR;2019-08
A65FU;IZ0GYP;2018-09
A65SP;SQ6GIT;2018-09
A66D;N1DG;2018-11
A7/F6BFH;F6BFH;2018-01
A718FIFA;A71A;2018-06
A71DLH;DL0LH;2018-01
A71EM;M0OXO;2019-09
A75GR;M0OXO;2018-04
A82X;I2YSB;2019-09
A82Z;I2YSB;2019-09
A91ARS;A92AA;2019-09
A91FTDMC;A92AA;2019-08
A91KWT;A92AA;2019-01
A91YOZ;A92AA;2018-02
A92FF;EC6DX;2019-01
A92GW;EA5GL;2019-03
A93DX;A92AA;2018-09
AA1M/TI5;AA1M;2019-01
AD5A/VP5;AD5A;2018-02
AD8J/HR9;AD8J;2019-06
AH2D;JA1NEJ;2019-09
AH2J;JR1VAY;2018-09
AH2R;JI3ERV;2018-05
AH3D/KH2;OH2BH;2018-08
AL1G;W2GR;2018-11
AM170HO;EA1HO;2019-04
AM270AFV;EA2AFV;2019-04
AM270KV;EA2KV;2019-04
AM370HYQ;EA3HYQ;2019-04
AM370KE;EA3KE;2019-04
AM370KU;EA3KU;2019-04
AM370PP;EA3PP;2019-04
AM400Y;EA7RCS;2018-10
AM470FL;EA4FL;2019-05
AM470GOK;EA4GOK;2019-04
AM470GST;EA4GST;2019-04
AM500SAN;EA7URF;2019-09
AM500SEV;EA7URF;2019-08
AM570AJX;EA5AJX;2019-04
AM570BWR;EA5BWR;2019-04
AM570GPC;EA5GPC;2019-04
AM570KB;EA5KB;2019-04
AM570XA;EA5XA;2019-04
AM570XC;EA5XC;2019-04
AM5BCP;EA5GUQ;2018-10
AM5WAP;EA1IT;2018-02
AM670URP;EA6URP;2019-04
AM70A;EA4URE;2019-04
AM70C;EA4URE;2019-04
AM70D;EA4URE;2019-04
AM70E;EA4URE;2019-04
AM70F;EA4URE;2019-04
AM70I;EA4URE;2019-04
AM70L;EA4URE;2019-04
AM70N;EA4URE;2019-04
AM70O;EA4URE;2019-04
AM70P;EA4URE;2019-04
AM70R;EA4URE;2019-04
AM70S;EA4URE;2019-04
AM70U;EA4URE;2019-04
AM70URE;EA4URE;2019-04
AM70URE/6;EA4URE;2019-04
AM70URE/8;EA4URE;2019-04
AM70URE/9;EA4URE;2019-04
AM770GX;EA7GX;2019-04
AM770URI;EA7URI;2019-04
AM770URX;EA7URX;2019-04
AM770ZY;EA7ZY;2019-04
AM7JAM;EA7JOE;2018-10
AM870DA;EA8DA;2019-04
AM870PT;EA8PT;2019-04
AM870ZS;EA8ZS;2019-04
AM9JAM;EA9URC;2018-10
AN1PM;EA1RKA;2019-02
AN1WHC;EC1DD;2018-06
AN1WHS;EC1DD;2019-05
AN50LGBT;EB3GCP;2019-06
AN570CS;EB5CS;2019-04
AN570DZC;EB5DZC;2019-04
AN5MGP;EA5DM;2018-09
AN770DX;EB7DX;2019-04
AN7AL;EA7URI;2019-08
AO170DJ;EC1DJ;2019-04
AO18FWC;EA4URE;2018-06
AO1IBR;EA4URE;2019-09
AO1IMD;EA1BTO;2018-04
AO3JMT;EA3RCY;2018-06
AO50MOON;EA1RCI;2019-06
AO570JC;EC5JC;2019-04
AO570KY;EC5KY;2019-04
AO570SP;EC5SP;2019-04
AO5AGA;EA5RCZ;2018-06
AO5CVM;EA5GTU;2019-09
AO7RL;EA7KP;2019-08
AP2IN;IK2DUW;2018-03
AP2MKB;EB7DX;2019-04
AP2TN;DJ9ZB;2019-10
AT1HQ;VU2PTT;2019-07
AT3A;VU2XE;2018-11
AT3HT;VU2ZMK;2018-02
AT3LH;VU2YQ;2018-08
AT4DK;VU3NPI;2018-11
AT7BK;EA5GL;2018-02
AT7BK;VU2BK;2018-02
AU19HFI;VU3RSB;2019-09
AU2HAM;VU2NRO;2019-01
AU2ODI;VU2GIN;2018-03
AU2WRD;VU2JFA;2018-04
AX5GR;M0OXO;2019-01
AX5IR;W3HNK;2019-04
AX5MTM;W3HNK;2018-02
AY8A;LU8ADX;2018-10
B0/BI8CKU;BI8CKU;2018-08
B1HQ;BA4EG;2018-07
B2HQ;BA4EG;2018-07
B3HQ;BA4EG;2018-07
B4/BY1AA;BY1AA;2018-07
B4HQ;BA4EG;2018-07
B5/IK7YTT;IW7EGQ;2018-04
B5HQ;BA4EG;2018-07
B6HQ;BA4EG;2018-07
B7/BD7IHN;BD7IHN;2019-09
B7HQ;BA4EG;2018-07
B7P;BA4EG;2019-10
B7T;BA4EG;2018-05
B9/BH1NGG;BH1NGG;2018-02
BG4OGO;BA4EG;2018-08
BGOCOH;BH4ESB;2019-07
BI4IX;BH4LLP;2019-07
BI8FZA;BH2RO;2019-04
BO0M;BV2KI;2019-07
BV0HQ;BM2JCC;2018-07
BV0J;BM2JCC;2019-10
BV0ME;BU2EQ;2019-06
BV2A/3;BV2A;2019-10
BV30R;BM2JCC;2018-02
BV50CYMC;BV4VR;2019-04
BV50IARU;BV2FP;2018-10
BW/DF8DX;DF8DX;2018-06
BW/JG1WBB;JG1WBB;2019-03
BW/JI1NLJ;JI1NLJ;2019-03
BW/JJ1DQR;JJ1DQR;2019-02
BW2/JP1RIW;BM2JCC;2019-03
BW9W;BV2KI;2018-07
BY7KP;BA4EG;2018-09
C21GJ;W7GJ;2018-09
C21WW;YL2GN;2019-09
C31CT;EA3QS;2019-10
C37AC;EA3QS;2019-08
C37FF;C37URA;2019-08
C37NL;C37URA;2019-08
C37UN;C37URA;2018-09
C4II;M0SDV;2018-08
C4T;5B4AGL;2018-11
C4XMAS;IZ4AMS;2018-11
C56DF;G3XTT;2019-02
C56RU;ON7RU;2018-01
C56VC;SP7VC;2018-01
C5A;OM2FY;2018-12
C5DL;DL7DF;2019-03
C5SP;SP3PS;2019-01
C6A/DD0VR;DD0VR;2019-01
C6AAT;K7BX;2018-11
C6ACL;VA7XZZ;2019-01
C6ADX;W8GEX;2019-07
C6AEP;K1EP;2019-02
C6AGU;AA7JV;2018-11
C6AKT;M1KTA;2018-03
C6ANM;N1GN;2019-02
C6AQQ;N3IQ;2018-11
C6AXK;HB9LBA;2019-04
C6AYL;W8CAA;2018-03
C7A;UA3DX;2018-03
C81G;PG5M;2018-02
C8T;ON1DX;2018-05
C8X;PA5X;2018-02
C91AHV;CT7AHV;2019-03
C91CCY;K3IRV;2019-08
C91HP;SM0HPL;2018-12
C96RRC;R7AL;2018-04
C98RRC;R7AL;2018-05
CALL;MANAGER;2019-02
CB1H;XQ1KN;2018-10
CB1SOL;CA2MEM;2019-06
CB2E;CE2LS;2019-06
CB2SOL;CA2MEM;2019-06
CB3DIA;CE3GCA;2019-08
CB6F;XQ6OA;2018-03
CB6RA;CE6TRA;2019-09
CB6RL;CE6TRA;2019-09
CB6RT;CE6TRA;2019-09
CB8E;CE8EIO;2018-03
CE0X;CE4EBJ;2019-09
CE2SV;N7RO;2018-03
CE3CT;EA5KB;2019-10
CF3M;VE3LA;2019-10
CK2I;VE2EBK;2018-07
CK3AT;VE3AT;2019-04
CK3LRL;VE3LRL;2019-04
CM2XN;EB7DX;2019-04
CM8NMN;EB7DX;2019-03
CN18JIM;EA7FTR;2018-12
CN2AM;M0OXO;2019-03
CN2BG;F8ALU;2018-02
CN2CO;UA2FM;2019-09
CN2DF;DL7DF;2018-02
CN2DPB;EB1DPB;2018-10
CN2FA;RN2FA;2019-03
CN2FR;DL7DF;2018-02
CN2KW;ON4KWT;2018-09
CN2LW;HB9EOU;2019-08
CN2PK;DK6KT;2018-08
CN3A;IK2OHG;2019-10
CN4M;RW6HS;2019-02
CN4P;EA5XX;2018-03
CN7EJ;IK2OHG;2018-03
CN8KD;EA5XX;2019-08
CN8LI;EA7FTR;2019-07
CN8PA;RW6HS;2019-01
CN8QY;I8LWL;2019-06
CN8QY;M0OXO;2019-09
CN8SG;EA7FYR;2018-09
CN8SG;EA7FTR;2019-10
CN8YR;EA7FTR;2018-04
CO0CDR;CO6OZ;2019-10
CO0CHE;EA5GL;2019-09
CO0CW;CO3JK;2019-04
CO2RQ;EA5AC;2018-10
CO2RQ;EC6DX;2018-11
CO2YQ;EC5AC;2018-09
CO2YQ;EC6DX;2019-01
CO4XT;M0OXO;2018-12
CO5WE;RW6HS;2019-10
CO6WD;W0SA;2019-08
CO7HNS;RW6HS;2019-01
CO7IG;RW6HS;2019-10
CO7RR;KU9C;2018-03
CO8CY;KP4SX;2018-07
CO8LY;EA7ADH;2019-07
CO8RBD;EB7DX;2019-03
CO8RBD;RW6HS;2019-07
CO8WN;EB7DX;2019-03
CP1GJ;W7GJ;2019-05
CP5HK;EC6DX;2018-10
CP6CL;W3HNK;2019-10
CP6GR;DF9GR;2019-08
CQ3HQ;CT1REP;2018-07
CQ3J;CT3MD;2019-04
CQ7A;CT1DSV;2019-03
CQ7H;CS0RCL;2018-05
CQ7MAJESTY;CT7ABA;2018-02
CQ8M;EA5GL;2018-03
CQ918FWC;CT1REP;2018-06
CQ9A;EA1AP;2019-10
CR140AA;CU3AA;2018-02
CR2L;OE2GEN;2018-11
CR2S;K2PF;2018-07
CR2V/P;HB9CRV;2019-05
CR2Y;DH7WW;2019-10
CR3DX;OM2VL;2018-02
CR3DX;OM3RM;2018-05
CR3EE;OZ2I;2019-08
CR3W;DL5AXX;2019-08
CR3X;K2PF;2018-11
CR520D;CS5LX;2018-06
CR55A;CT1DSV;2018-06
CR5CW;CT7ACG;2019-07
CR5E;CT1ILT;2018-10
CR5F;CT1EHX;2018-07
CR5HQ;CT1REP;2019-07
CR5IC;CS5ARA;2019-07
CR5IC;CS5ARAM;2019-07
CR5O;CT7AJL;2019-03
CR62EBU;CS5LX;2018-05
CR6AZB;CT2IWW;2018-09
CR6JAM;CT1DSV;2019-10
CR6K;CT1ILT;2019-07
CR6L;CT1EXK;2019-08
CR6LH;CT1GZB;2019-08
CR6YLH;CT2ISX;2018-09
CS2018FIFA;CT1REP;2018-06
CS2018FWC;CT1REP;2018-07
CS20ARC;CS5ARC;2018-05
CS21TS;CT7ABF;2019-10
CS25ARR;CT1ARR;2019-10
CS25FOQ;CT1FOQ;2019-01
CS2CTS;CT1ARR;2019-03
CS2I;CT1BWU;2018-11
CS2LH;CS5LX;2019-08
CS2SMO;CT7ABF;2019-09
CS2TCB;CT1ARR;2019-03
CS2TCM;CT2JYO;2019-03
CS2TCS;CT7ABF;2019-03
CS2TCT;CT1ARR;2019-03
CS2TTC;CT7ABF;2018-10
CS2TTQ;CT7ABF;2019-05
CS2Y;CT1EHX;2019-07
CS5DFG;CS5NRA;2018-04
CS5SUB;CS5NRA;2018-09
CS7/DO3HK;DO3HK;2019-07
CT/F6CTF/MM;F6CTF;2019-10
CT7/ON9DJ/P;ON9DJ;2019-10
CT7ANG;M0OXO;2019-01
CT8/DD5DD;OK8ZZ;2018-04
CT8/OH2IO;OH2IO;2018-12
CT8/OK1DOY;OK1DOY;2019-09
CT8/R7KW;K2PF;2018-02
CT8/UZ5DX;HG5DX;2019-01
CT9/DF6QV;DF6QV;2019-05
CT9/DJ2YA;DJ2YA;2018-12
CT9/DL1ASA;DL1ASA;2019-05
CT9/DL3YM;DL3YM;2019-08
CT9/G3TKK;G3TKK;2018-04
CT9/NZ1C;DD5ZZ;2018-12
CT9/OM2KW;OM2FY;2018-10
CT9/R7KW;R7KW;2018-11
CT9ABN;OM2VL;2018-02
CT9ABO;OM3GI;2018-03
CT9ABP;OM3BH;2018-09
CT9ABR;OZ2I;2019-01
CU2/OH2IO;OH2IO;2018-12
CU2DX;CU2AA;2018-01
CU2KG;OH2BH;2019-10
CU8AS;HB9CRV;2018-11
CV7S;CX7SS;2019-07
CV9I;CX4AD;2019-10
CW1R;CX1AA;2019-08
CW4MAX;EA5GL;2019-09
CW5B;CX2ABC;2019-08
CX1T;IK2DUW;2018-08
CX2BR;EA5GL;2019-08
CX2TQ;IK2DUW;2018-09
CX3AT;EA5GL;2019-10
CX4ACH;IK2DUW;2018-03
CX4DI;EA5GL;2019-07
CX5A;CX2ABC;2018-03
CX5DNT;ON5NT;2018-12
CX7CO;EA5GL;2019-07
CX9AU;EA5GL;2019-07
CY1R;VO1IDX;2018-08
CY9C;WA4DAN;2019-08
D2EB;IZ3ETU;2019-10
D41CV;IK2NCJ;2019-10
D44CH;CT1EKU;2018-04
D44CH;CT7AUP;2019-09
D44EA;OK7JR;2019-10
D44EK;M0UPL;2018-07
D44KF;G3SWH;2018-02
D44TAQ;HB9HFD;2019-02
D44TEG;HB9EBT;2019-07
D44TPE;DK7PE;2018-02
D44TWO;M0OXO;2019-09
D4IA;CT1IUA;2018-04
D4Z;HB9DUR;2019-07
D4Z;IK2NCJ;2019-07
D68CCC;IK2VUC;2019-10
D68I;IK5CRH;2018-02
D70LW/3;DS4NYE;2018-10
D73F;HL4CCM;2019-07
D73G;HL4CCM;2019-08
D73V;6K0MF;2018-08
D90HE;DS2GOO;2018-08
DA0DIG;DH1PAL;2019-01
DA0FONTANE;DK6AN;2019-08
DA0IMD;DL1BFE;2019-04
DA0LCC;DH4HAN;2019-08
DA0N;DJ0BFS;2019-08
DA200FWR;DK2PU;2018-01
DA2018LH;DL3DXX;2018-09
DA2X;DL3DXX;2018-02
DB1BAC/P;DB1BAC;2019-07
DB25ONN;DL8NBM;2018-05
DF0RSA;DL3DUE;2019-06
DF0WLG;DM5DX;2018-09
DF13BLN;DM2TO;2018-12
DF13BUD;DM2TO;2018-12
DF13BUD;DL1RUN;2019-01
DF13DEJU;DM2TO;2018-12
DF13MUC;DM2TO;2018-12
DF13MUC;DL8UUF;2019-01
DF13PAR;DM2TO;2018-12
DF13PAR;DM7MA;2019-01
DF13STO;DM2TO;2018-12
DF13STO;DL1HZM;2019-01
DF18HET;DG3FFM;2018-03
DF80FOC;DF4XX;2018-05
DG5LAC/P;DG5LAC;2019-07
DJ18FWC;DK5ON;2018-06
DJ6OI/P;DJ6OI;2019-07
DJ80FOC;DJ5IL;2018-05
DK0ERZ;DG0MKO;2019-06
DK0KG;DL7ACN;2018-01
DK0WCA;DF2DD;2018-07
DK100WDWR;DL7USC;2019-08
DK200MARX;DK5PZ;2018-01
DK3R;DL1KZA;2018-07
DK5T;DK5ON;2019-08
DK5T/LH;DK5ON;2019-08
DK5T/LS;DK5ON;2019-08
DK80FOC;DK7LX;2018-05
DL/HA7UL/P;HA7UL;2019-10
DL/HB9CGA/P;HB9CGA;2019-10
DL/LY3IV;LY3IV;2019-07
DL/OK8WFF;DF6EX;2019-09
DL/OO4O;ON4APU;2019-07
DL0FFF;DL2RPS;2019-09
DL0HSC;DK7VW;2018-09
DL0IGA;DL1KJ;2019-07
DL0KWH/P;DL0KWH;2018-07
DL0LC;DJ5KT;2018-01
DL0RRC;DL6ZFG;2018-06
DL0SKCC;DJ7MH;2019-09
DL0SOP;DL4SVA;2019-06
DL1250BRET;DF9IK;2018-01
DL1250G;DL8SCU;2019-03
DL19JDAY;DK7TX;2019-04
DL300AH;DG2FEJ;2019-05
DL32EUDXF;DJ8NK;2018-10
DL50NFA;DL8NBM;2019-07
DL60SOP;DL4SVA;2018-06
DL70AFUG;DM4EAX;2019-09
DL70AIR;DL2VFR;2019-03
DL70BRD;D1YH;2019-01
DL70BRD;DK1YH;2019-01
DL80FOC;DJ1YFK;2018-05
DL8DZL/P;DL8DZL;2018-09
DL8L;DJ4WT;2018-03
DM152ZYA;DK4PL;2018-04
DM19BUGA;DG7SCB;2019-06
DM19ERZ;DL3VU;2019-10
DM19LGS;DG0ERS;2019-01
DM200MARX;DG0CH;2018-05
DM460DA;DL9GFB;2019-04
DM5B;DM5RC;2019-08
DM70GER;M0SDV;2019-01
DM80FOC;DL5YL;2018-05
DM900ZWI;DM5JBN;2018-01
DM90AIW;DL9FA;2018-02
DN1PIA;DH3SBB;2019-01
DP0GVN;DL5EBE;2019-10
DP0POL;DL5EBE;2019-07
DP80FOC;DL6KVA;2018-05
DQ1200ASP;DK1AX;2018-12
DQ2018KTMS;DF6QE;2018-01
DQ5M;DK6SP;2018-10
DQ600UNI;DL5KVV;2019-01
DQ800HRO;DL5KVV;2018-01
DQ9Y;DF2SD;2019-08
DR100BADZ;DK8HE;2019-06
DR10WCA;DF6EX;2019-01
DR18WRD;M0SDV;2018-01
DR19SID;DM2RM;2019-03
DR50DIG;DH1PAL;2019-01
DR5N;DL9YAJ;2019-01
DR70BLN;DJ3EI;2019-06
DS0AHQ;6K2ECY;2018-10
DS23BNU/3;DS3BNU;2018-01
DS23EXX/3;DS3EXX;2018-02
DS2GOO/3;DS2GOO;2019-08
DS3EXX/2;DS3EXX;2019-09
DS3EXX/4;DS3EXX;2019-01
DS3FGN/2;DS3EXX;2019-09
DS3HWS/4;DS3EXX;2019-01
DT17IARU;HL1IWD;2018-09
DT8A;HL2FDW;2018-10
DU0DM;DU1DM;2018-01
DU1/JH1FNS;JH1FNS;2018-12
DU1AI;JN3VQM;2019-10
DU1IST;JA1HGY;2019-08
DU1IST/9;JA1HGY;2018-09
DU1IST/9;JA1JGY;2018-09
DU1S/9;JA1PBV;2018-12
DU3/F4EBK;F4EBK;2018-02
DU3/F4EBK;F4RBK;2019-01
DU3LA;W3HNK;2019-08
DU6/N6SS;N6SS;2018-05
DU6/PE1NSQ;EA5GL;2019-10
DU7/AI6US;AI6US;2018-09
DU8FY;M0OXO;2019-05
DX0HQ;DX1PAR;2019-07
DX18FIFA;DU1EV;2018-06
DX1CC;EA5GL;2019-04
DX9EVM;DU9CA;2018-08
DY7DX;DU7JAY;2019-09
DZ1A;DU1ZDR;2019-04
DZ1PUP;4F1PH;2018-07
E28AI;E24NQN;2018-11
E2A;E21EIC;2019-08
E2HQ;E21EIC;2019-07
E2X;E20GMY;2019-09
E31A;JH1AJT;2019-07
E44WE;SP9FIG;2019-06
E44WE;SP9FIH;2019-07
E51AUZ;DL1AUZ;2019-03
E51BCP;KD7WPJ;2018-04
E51BUO;G4BUO;2018-08
E51GEA;OE3GEA;2018-02
E51HMK;DK2HM;2019-03
E51HXM;WA6HXM;2018-05
E51KMR;KM7R;2018-05
E51MAS;KI7DLK;2019-04
E51NPQ;DM7PQ;2019-03
E51OTC;WB7OTC;2018-05
E51SFS;DH5FS;2019-09
E6AF;SP9FIH;2019-03
E6AN;OZ5E;2019-09
E6ET;IZ4AMS;2019-03
E6Y;ZL3PAH;2018-10
E709JAN;E77E;2018-01
E723ESR;E75MM;2018-07
E725SRRS;E77E;2018-05
E725ZRHB;E73Y;2018-08
E73M;E73Y;2019-04
E750RKK;E71CQ;2019-04
E770NKSB;E79Q;2018-11
E77A;9A2AA;2019-09
E7CW;E73ESP;2018-11
E7DX;E77E;2019-07
E7PUPIN;E77E;2019-10
E7TESLA;E77E;2019-07
EA/CT1EEC;CT1EEC;2018-02
EA1/CT1HIX/P;CT1HIX;2019-10
EA2/PA2M;PA2M;2019-08
EA3/PD9Z;PD9Z;2018-08
EA3/PE1PUX;PE1PUX;2019-09
EA5/GM0OBX;M0OXO;2018-09
EA5/ON4ANV;ON4ANV;2019-03
EA5/PA3FOC;PA3FOC;2019-09
EA5/PA3GCU;PA3GCU;2019-05
EA5/PA5CA;PA5CA;2019-10
EA5EL/P;EA5EL;2018-07
EA5IQX;DK1RU;2018-07
EA6/DK5ON;DK5ON;2019-07
EA6/DL6CT;DL6CT;2019-05
EA6/EA3ERT;EA3ERT;2018-08
EA6/EA3HSO;N4GNR;2019-08
EA6/EI6DX;RA3R;2018-01
EA6/G8GNI;G8GNI;2018-09
EA6/IU2IBU;IU2IBU;2019-09
EA6/WJ2O;N2ZN;2019-06
EA6TS;EA6AZ;2019-10
EA6UP;EA6SK;2019-10
EA7/ON6ZK;ON6ZK;2019-05
EA7GSH/TI8;EA7GSH;2018-01
EA7KFE;OZ1ACB;2018-09
EA8/DL1DVE;DL1DVE;2019-04
EA8/DL1RNT;DL1RNT;2019-09
EA8/DL2DXA/P;DL2DXA;2019-01
EA8/DL3VTA;DL3VTA;2019-04
EA8/EA4BQ;OH0XX;2019-01
EA8/GU4YOX;GU4YOX;2018-11
EA8/OH6CS;OH6CS;2018-11
EA8/OZ7BQ;OZ7BQ;2019-03
EA8/PA7ZEE/P;PA7ZEE;2019-01
EA8/RU5A;RU5A;2019-10
EA8/RV1AW;RU1AE;2018-10
EA8/TF3CW;LX1NO;2019-10
EA8/UA5C;UA5C;2019-10
EA8/UC5G;UC5G;2019-07
EA8CJN;EA3QS;2019-08
EA8DED;OH2BP;2019-09
EA8RM;EB7DX;2019-10
EA9/DL2JRM;DL2JRM;2019-08
EA9/W1XGI;JA1XGI;2018-10
EA9KB;EA7FTR;2019-09
ED1K;EA1NK;2019-07
ED1LO;EA1RCR;2018-10
ED2C;EA2CJ;2019-10
ED2FPA;EA2RCA;2018-09
ED3M;EA3RCV;2019-04
ED5FDC;EA5HT;2018-03
ED5S;EA5SR;2019-04
ED5ST;EA5ST;2018-10
ED8RY;EA8AKN;2018-06
ED8W;EA8DO;2019-10
ED9E;EA9CD;2019-03
EE100V;EA5YJ;2019-03
EE3X;EA3KX;2019-10
EE4A;EA4IE;2018-02
EE5J;EA5YJ;2019-03
EE5O;EA5HOX;2019-01
EE8K;EA8AV;2018-03
EF1A;EA1XT;2019-08
EF1Z;EA1BD;2018-10
EF2A;EA2OT;2019-08
EF2O;EA2AOO;2019-03
EF4HQ;EA4URE;2019-07
EF4MGP;EA5DY;2018-05
EF5FMC;EA5BX;2018-02
EF7X;EA7PP;2019-03
EF8I;EA8TK;2018-03
EF8L;EA8URU;2018-11
EF8O;DJ1OJ;2019-01
EF8R;EB7DX;2019-07
EF9Z;EA5KB;2019-02
EG0SDC;EA1AUM;2018-09
EG17PAZ;EA2RCH;2018-09
EG1AQ;EA1URO;2018-12
EG1BTZ;EA1LC;2019-08
EG1CP;EA1RCI;2019-05
EG1FAS;EA1ADP;2019-04
EG1FPL;EA1OK;2019-10
EG1FSA;EA1RKA;2019-08
EG1LWB;EA1LC;2019-08
EG1MCP;EA1AUM;2018-05
EG1MEP;EA1AUM;2018-06
EG1MHM;EA1DOO;2018-08
EG1MOP;EA1AUM;2018-04
EG1PIN;EA1URV;2019-01
EG1PMC;EA1AUM;2018-09
EG1PNP;EA1AUM;2018-06
EG1PPE;EA1AUM;2019-01
EG1SDC;EA1AUM;2019-09
EG1SIC;EA1URV;2018-10
EG1SPR;EA1URV;2018-05
EG1VSL;EA1URV;2019-09
EG2AZF;EA2URZ;2019-03
EG2ETS;EA2RKW;2019-01
EG2SDC;EA1AUM;2019-09
EG3PTA;EA3RCI;2019-06
EG3PTM;EA3RCI;2019-06
EG3PTP;EA3RCI;2019-06
EG3PTT;EA3RCI;2019-06
EG3PTU;EA3RCI;2019-06
EG3RRC;RZ3EC;2018-07
EG3SDC;EA1AUM;2019-09
EG40CE;EA5KB;2018-12
EG4CWO;EA4OR;2019-04
EG4SDC;EA1AUM;2019-09
EG4UAG;EA4FR;2019-01
EG5CIH;EA5GVJ;2019-08
EG5ETB;EA5URH;2019-04
EG5HSJ;EA5RKB;2018-06
EG5MCC;EA5RCK;2019-10
EG5MGP;EA5DY;2018-05
EG5RCB;EA5RCB;2019-09
EG5SDC;EA1AUM;2019-09
EG6SDC;EA1AUM;2019-09
EG7AGC;EA7URF;2019-06
EG7CDM;EA7RCM;2019-05
EG7DFA;EA7URM;2018-05
EG7DSM;EA7RCS;2018-10
EG7ESA;EA7URF;2018-11
EG7FIM;EA7URF;2019-03
EG7FPM;EA7RCM;2019-08
EG7JQS;EA7URM;2019-03
EG7NSC;EA7URS;2019-03
EG7SCC;EA7HBC;2018-08
EG7SDC;EA1AUM;2019-09
EG8BFS;EA8URV;2019-10
EG8CAN;EA8CJN;2019-08
EG8FVC;EA8URV;2019-08
EG8RRC;RZ3EC;2018-07
EG8RTF;EA8URE;2018-07
EG8SDC;EA1AUM;2019-09
EG8TSI;EA8URE;2019-03
EG8URT;EA8URT;2018-02
EG9SDC;EA1AUM;2019-09
EH1DAA;EA1UVR;2018-09
EH1FCL;EA1AUO;2019-08
EH1FVN;EA1ET;2018-09
EH1LSI;EA1AUO;2019-08
EH1MAP;EA1AUM;2018-09
EH1MCP;EA1AUM;2018-09
EH1MEP;EA1AUM;2018-10
EH1MOP;EA1AUM;2018-07
EH1OLA;EA1UVR;2019-09
EH1OSM;EA1UVR;2018-09
EH1OSM;EA1URV;2019-10
EH1RGC;EA1DST;2019-10
EH1SDC;EA1AUM;2019-09
EH2018AJT;EA1EG;2018-10
EH2DLG;EB2FAC;2018-09
EH2HJ;EA2IR;2019-09
EH2LDG;EB2FAC;2019-08
EH2SDC;EA1AUM;2019-09
EH3ANT;EA3EYO;2018-02
EH3BCN;EA3MM;2019-10
EH3FPT;EA3RCY;2019-08
EH3MG;EA3ZK;2018-06
EH3SDC;EA1AUM;2019-09
EH3SJM;EA3ZK;2018-06
EH3UAB;EB3GCP;2018-08
EH3WRC;EA3ZK;2019-10
EH40CE;EA7URM;2018-12
EH4SDC;EA1AUM;2019-09
EH5EAR;EB5IGQ;2018-02
EH5FCA;EA5RKB;2019-01
EH5FMC;EA5RKD;2019-03
EH5SDC;EA1AUM;2019-09
EH5TEO;EA5EV;2019-10
EH5TES;EA5EV;2019-02
EH5TGR;EA5EV;2018-02
EH5TYF;EA5RKB;2018-10
EH5UFF;EA5AG;2019-09
EH6SDC;EA1AUM;2019-09
EH7FDA;EA7URI;2018-08
EH7SCB;EA7URM;2019-05
EH7SDC;EA1AUM;2019-09
EH8FC;EA8NQ;2018-06
EH8PAZ;EA8RKL;2018-02
EH8RSE;EA8URA;2018-07
EH8SDC;EA1AUM;2019-09
EH8URT;EA8URT;2018-02
EH8WTD;EA8URE;2018-10
EH9SDC;EA1AUM;2019-09
EI/HB9TNF/P;HB9TNF;2019-08
EI0CAR;EI4JR;2018-04
EI0DXG;M0OXO;2018-06
EI0HQ;EI4BZ;2019-07
EI0LHL;EI5HXB;2019-08
EI0MAR;EI5EM;2018-04
EI0NMMI;EI6AL;2018-04
EI100ABC;EI2II;2019-06
EI100MCV;EI6AL;2018-02
EI100SSD;EI3KE;2018-10
EI100YXQ;EI9FVB;2019-01
EI19RE;EI3KD;2019-01
EI1E;EI5KF;2018-09
EI2GEO;EI3HDB;2018-06
EI2WSVR;EI3HDB;2019-09
EI50AOM;EI2KA;2018-01
EI5IMD;EI2KA;2018-04
EI6DX;RA3R;2018-01
EI6YXQ;EI9FVB;2018-04
EI7T;PA3249;2018-07
EI8GQB;PA3249;2019-07
EJ0DXG;M0OXO;2018-06
EJ1D;M0OXO;2019-09
EJ2HMB;DG5SDQ;2018-06
EJ3Z;EI6GUB;2019-07
EJ4GRC;EI8DD;2019-08
EJ6KP;EI6KP;2018-09
EJ6KP;M5KJM;2019-06
EK1915GM;EK3GM;2019-04
EK1915RR;EK1RR;2019-04
EK3SA;DJ1CW;2018-03
EL2EF;NR6M;2018-02
EL2EF;N2OO;2018-11
EL2EL/4;M0SDV;2018-10
EL2JB;M0SDV;2018-11
EM0I;UT2IZ;2018-02
EM0KHNO;UT4UMZ;2018-07
EM0X;UT2XQ;2018-03
EM100VS;UT4VWA;2018-09
EM10QRS;UR6QS;2019-05
EM10UCF;UR7UT;2019-08
EM1111U;US7UU;2018-10
EM150LSR;UR5LQC;2019-08
EM16UAP;UT1KY;2019-01
EM1U;UT7UA;2019-02
EM1UA;UT7UA;2019-01
EM2019ARDF;UT5NY;2019-06
EM225FA;UT7FA;2019-09
EM240IM;UX8IXX;2018-09
EM25QFF;UT3QZ;2018-12
EM25URD;UR7UT;2018-01
EM2G;UR7GO;2018-02
EM30N;UR4NWW;2018-04
EM30N/P;UR4NWW;2018-06
EM30TPU;UR7TWY;2019-06
EM44T;DH5FS;2019-08
EM44U;UT7UT;2019-10
EM5DIG;UY5AX;2019-04
EM5RGM;UV3RT;2018-07
EM73L;US4LG;2018-05
EM73LL;UX2LL;2018-05
EM73Q;UR6QV;2018-05
EM73V;UT4VWA;2018-05
EM74L;US4LG;2019-05
EM75FA;UT7FA;2019-04
EM75QM;UR7QM;2018-10
EM7EFF;UR7EY;2019-06
EM7KAA;IK2DUW;2019-08
EM7U;UR7UT;2018-07
EM80FOC;UR5MM;2018-05
EM80I;UY5IG;2018-02
EM80RAL;UZ9RR;2019-06
EM85QZS;UT3QZ;2018-11
EM90AMT;UR3AHF;2018-09
EM915Q;UR6QS;2018-04
EM9WFF;EA5EL;2018-09
EM9WFF;EA%GL;2019-07
EN0KRI/P;UW5KW;2019-02
EN0KRI/P;UX0KR;2019-09
EN150LOZ;UY3LA;2019-09
EN185UNIV;UT8UF;2019-04
EN25BRIA;UT7NW;2018-06
EN25NRIA;UT7NW;2018-06
EN25RIA;UT7NW;2018-06
EN25TRIA;UT7NW;2018-06
EN25XRIA;UT7NW;2018-06
EN32U;US0UX;2018-05
EN33U;US0UX;2019-04
EN4U;EA5HPX;2018-03
EN4U;EA5EL;2018-11
EN5RFF;UV3RT;2019-06
EN5RGS;UV3RT;2019-09
EN60KSR;UT1KY;2019-05
EN655N;UT7NI;2018-09
EN73U;UT7UD;2018-05
EN75NPU;UR5NJW;2019-10
EN7P;UT1PG;2019-08
EN90L;UT8LN;2018-09
EO1030UA;US8UA;2018-06
EO28U;UR8US;2019-09
EO65QRC;UR4QZZ;2019-03
EO73L;UR4LJ;2018-05
EO74L;US4LG;2019-05
EO90L;UR5LCV;2018-09
EP2C;EA5GL;2019-09
EP2LMA;EA5GL;2019-10
EP3AS;RW6HS;2019-03
EP4HR;IK2RZQ;2018-03
EP6RRC;R7AL;2018-11
ER/DL7UCX;DL7UCX;2018-04
ER/DL7VBJ;DL7VBJ;2018-04
ER/IK1HGE;IK1HGE;2018-08
ER18FIFA;ER1FF;2018-06
ER4KAA;ER1FF;2018-11
ER7HQ;ER1FF;2019-07
ES0/OG55W;OH2OT;2018-06
ES0DJ/0;ES2DJ;2019-07
ES0KA;OH3KAV;2019-09
ES0UG/8;DL3BQA;2018-06
ES1MN/8;OH1MN;2019-08
ES2TT/3;ES2TT;2019-09
ES3V;ES3VI;2018-07
ES5RR;ES2RR;2019-07
ES7A;ES7GN;2019-04
ES8/YL1ZX;YL2TD;2019-08
ES8/YL2TD;YL2TD;2019-07
ES8DJ;ES2DJ;2018-07
ES8DJ/8;ES2DJ;2018-09
ES8GP;ES5GP;2018-09
ES9C;ES5RY;2019-10
ET3AA;N2OO;2019-09
EU19RO;EW1I;2019-06
EV0BREST;EW3W;2019-09
EV0CA;EV1R;2019-06
EV0MA;EV1R;2019-06
EV0SD;EV1R;2019-06
EV10WCA;EW3W;2019-06
EV125IL;EV6C;2019-03
EV19ARC;EV1R;2019-06
EV19ATH;EV1R;2019-06
EV19BAD;EV1R;2019-06
EV19BAS;EV1R;2019-06
EV19BOX;EV1R;2019-06
EV19BSO;EV1R;2019-06
EV19CYC;EV1R;2019-06
EV19FRS;EV1R;2019-06
EV19GYM;EW8W;2019-06
EV19JUD;EW1W;2019-06
EV19KAR;EV1R;2019-06
EV19KAR;EW4W;2019-06
EV19ROW;EV1R;2019-06
EV19SAM;EV1R;2019-06
EV19TEN;EV1R;2019-06
EV26L;EU4AC;2018-07
EV30AFG;EW1D;2019-01
EV73F;EW3W;2018-05
EV73GA;RW6HS;2018-05
EV73K;EW8EQ;2018-05
EV73KP;RW6HS;2018-05
EV73M;EW1I;2018-05
EV73QRQ;EW7A;2019-10
EV74F;EU3LW;2019-05
EV74K;EW8BQ;2019-05
EV74KZ;EW6C;2019-05
EV74LL;EW1D;2019-05
EV74M;EW1I;2019-05
EV890G;EW4R;2018-09
EW/LY2SL;LY2SL;2019-10
EX0DX;HB9DUR;2018-09
EX0PL;SP9KAT;2018-08
EX0QP;SP6OJK;2019-09
EX26Y;EX7DI;2019-05
EX3NOMAD;EX7DI;2018-09
EX3WNG;EX7DI;2018-09
EX8NR;RW6HS;2019-08
EX8VI;RW6HS;2019-10
EX9QT;EX8MLE;2019-06
F/DL1ASA/P;DL1ASA;2019-09
F/DL2JJ/P;DL2JJ;2018-09
F/DL3TU/P;DL3TU;2018-09
F/DL8ECA/P;DL8ECA;2019-09
F/DL8JJ/P;DL8JJ;2018-09
F/DL9JJ/P;DL9JJ;2018-09
F/G4WSB;G4WSB;2019-10
F/OE6MBG;EB7DX;2019-08
F/ON5JE/P;ON5JE;2018-09
F/OO4O;ON4APU;2018-07
F4FCE/P;F4FCE;2019-10
F4GYM/P;F4GYM;2019-10
F4HJO/P;F4HJO;2018-04
F5MMC/P;F5MMC;2019-10
F5OHH/P;F5OHH;2019-03
F6CUK/FJ;F6CUK;2018-10
F6CUK/P;F6CUK;2019-09
F8UFT;F6ICG;2018-02
FG/DD0VR;DD0VR;2018-01
FG/F5CFX;F5CFX;2018-11
FG/F6ARC;F6ARC;2018-11
FG/F6HMQ;F6HMQ;2019-06
FG/HG0R;HA0NAR;2018-08
FG/OE6MBG;EB7DX;2018-02
FG/SM7RYR;SM7RYR;2018-11
FG4KH;F1DUZ;2019-10
FG5KH;F1DUZ;2019-10
FH/DJ7RJ;DJ7RJ;2018-10
FH/DL9HAL;M0OXO;2019-10
FH/UA4WHX;UA4WHX;2019-02
FJ/AI5P;AI5P;2018-04
FJ/N0KV;N0KV;2018-04
FJ/VA3QSL;VA3QSL;2019-02
FK/5B4ALX;IZ4AMS;2018-03
FK/F6OBD;F6OBD;2018-12
FK8CE;N4GNR;2019-01
FK8CJ;F6EYB;2019-09
FK8GX;W3HNK;2019-08
FM/DD0VR;DD0VR;2018-01
FM/DK9PY;DK9PY;2019-02
FM/OH2IS;OH2IS;2018-02
FM4LV;W3HNK;2018-02
FM4RU;F1LNS;2019-01
FM5DN;KU9C;2019-10
FM5FJ;KU9C;2019-10
FO/AI5P;AI5P;2019-07
FO/HB9XBG;HB9XBG;2018-06
FO/KE1B;KE1B;2019-04
FO/OE3GEA;OE3GEA;2018-02
FO/OK2ZI;OK2ZI;2019-03
FO/W6NV;W6NV;2019-07
FO5MD;EB7DX;2019-10
FP/KV1J;KV1J;2019-09
FR/DJ7RJ;DJ7RJ;2018-09
FR/DL9HAL;M0OXO;2018-09
FR/F1FJR;F1FJR;2018-02
FR/F4H;F4HPX;2018-05
FR4KM;EA7FTR;2018-04
FS/AG5CR;JI1DFO;2019-06
FS/KH8Z;JH1AJT;2018-05
FS/W9MK;W9MK;2018-11
FS4WBS;IZ4MHY;2019-06
FS4WBS;IZ1MHY;2019-10
FW/G0VJG;M0OXO;2019-04
FW5JG;M0OXO;2019-05
FY/DK9PY;DK9PY;2019-01
FY/DL5FAB;DL5FAB;2018-07
FY/F5DKO;F5TJP;2018-10
G0LKS;GM0LKS;2018-07
G1A;M0NKR;2019-09
G3RAF;G8FC;2018-04
G4ALE/P;G3VYI;2019-07
G4F;G4AFJ;2019-07
G5DX;EB7DX;2019-09
G5K;G0BNR;2018-02
G5O;G8SRS;2018-11
G5XV;M0OXO;2019-08
G6LD;G3SDY;2018-09
G6MC;G2YL;2019-08
G6XX;M0OXO;2018-03
G7O;G3SQX;2018-07
G8BBC;G4BIP;2019-01
G8X;G4FJK;2019-08
G9P;M0NCG;2019-10
GB0ATM;MW5DJO;2019-06
GB0BB;G1TDN;2018-04
GB0DAM;GM4FZH;2019-08
GB0DDR;M5ATR;2019-06
GB0EOR;G6UT;2019-10
GB0FS;M0LMN;2018-09
GB0FWC;M0TVU;2018-06
GB0GKB;G4HLN;2018-06
GB0GKC;G3TJE;2018-06
GB0HL;G4ARN;2019-08
GB0HMG;G6UT;2018-07
GB0HSM;G4LKW;2018-05
GB0NHL;GM0TKB;2018-09
GB0SCR;G4GBP;2018-09
GB0SMF;G4GBP;2019-09
GB0WF;M0OXO;2019-07
GB0WY;M0JWS;2018-04
GB0XMS;M0TVU;2019-01
GB100ARM;G0TOC;2018-10
GB100HAL;G0KUC;2019-09
GB100MCV;GW4TTA;2018-10
GB100MPD;G3UCQ;2018-11
GB100RAF;G8FC;2018-04
GB100WO;M0XIG;2018-05
GB106TBC;MI0MOD;2018-03
GB139SQN;G4NRZ;2018-06
GB13COL;G0VLF;2019-07
GB17HCC;G0SWO;2018-01
GB18FIFA;MI0SAI;2018-06
GB1DD;M0JFP;2019-06
GB1DLH;GB1FBS;2019-08
GB1FOC;M0IHT;2018-05
GB1RAF;G4DQP;2018-04
GB1SKC;G3UYN;2019-09
GB1SOE;M0PJD;2018-09
GB1TDY;G0OOO;2018-05
GB250CC;G0BKP;2018-08
GB250CC;G0BPK;2018-09
GB2CAV;G0TAR;2019-06
GB2DAW;MM0NQY;2019-06
GB2DRA;2E0MPM;2018-06
GB2ELH;GM0GFL;2019-08
GB2ENI;G0UNU;2019-07
GB2FOC;G4BYG;2018-05
GB2GP;GI4FUM;2018-03
GB2HAM;G1OET;2018-09
GB2HLH;G3XYZ;2018-08
GB2JCM;MM0LGR;2019-06
GB2KDR;MM0SMD;2019-09
GB2LBN;GM4UYZ;2019-08
GB2LGR;G4NRZ;2019-09
GB2LWF;G4SJX;2018-11
GB2ORM;GW0NWR;2019-06
GB2OSS;M6LZX;2019-07
GB2RDR;GM3WIJ;2018-09
GB2RN;G0TOC;2019-09
GB2TD;GW0LIS;2019-08
GB2THL;GM3WIJ;2018-09
GB2VK;GW4TTA;2018-09
GB4ARD;M0KPW;2018-04
GB4ENI;M0AXH;2019-07
GB4FOC;G3SWH;2018-05
GB4GCT;M0OXO;2019-04
GB4GM;GW4TTA;2018-04
GB4LMG;G4CIB;2018-06
GB4MDI;GW0ANA;2018-04
GB55RC;G6HNU;2019-07
GB55RC;G6NHU;2019-08
GB5BL;GI0BJH;2019-08
GB5CLB;G4JYN;2018-05
GB5FLR;M5ATR;2019-09
GB5HCL;M0KZC;2018-09
GB5PSL;2E0ZDX;2019-08
GB5SM;LZ1JZ;2019-04
GB60ATG;M0OXO;2019-07
GB60OT;G3KPU;2018-03
GB6SMD;G6JVT;2019-09
GB75DDAY;G0TOC;2019-05
GB75JF;G4GBP;2019-06
GB80FOC;G3SWH;2018-05
GB80GGCN;G0TOC;2018-02
GB8CC;2E0RHC;2018-06
GB8RNLI;G0NWM;2018-05
GB900PC;M5ATR;2018-09
GB9LAH;M0KPW;2019-09
GB9OSA;ON6EF;2018-05
GB9RAF;MI0MOD;2018-05
GC5DX;EB7DX;2019-09
GD6XX;M0OXO;2018-03
GD8GNI;G8GNI;2018-09
GD8KNI;G8KNI;2018-08
GD9W;M0DXR;2018-10
GD9W;M0SDV;2018-11
GH0STH;G4DIY;2018-10
GH5DX;EB7DX;2019-09
GI6XX;M0OXO;2018-03
GJ/SP7VC;SP7VC;2018-08
GJ6EFW;ON6EF;2019-04
GJ6XX;M0OXO;2018-03
GM/DH5JBR/P;DH5JBR;2019-07
GM2T;GM4UYZ;2019-07
GM4Z;GM4ZUK;2019-02
GM6DX;M0OXO;2019-09
GM6XX;M0OXO;2018-03
GM7R;N3SL;2019-02
GM7RAF;G8FC;2018-04
GM7V;N3SL;2019-07
GM8RAF;G8FC;2018-04
GM9C;MM0GHM;2018-10
GN5DX;EB7DX;2019-09
GP5DX;EB7DX;2019-09
GP6UW;G6UW;2018-07
GP6UW;M0BLF;2018-09
GR0AAA;G3TXF;2018-05
GR0ANA;GW0ANA;2018-05
GR0RW;G4DFI;2018-05
GR150NIB;G3SWH;2018-09
GR2HQ;M0OXO;2019-07
GR3SG;GI3SG;2018-05
GR7VJR;M0OXO;2018-05
GR9RW;G4DFI;2018-05
GS3ZET;GM3ZET;2018-09
GS5DX;EB7DX;2019-09
GS7V;N3SL;2018-10
GS8VL;M0OXO;2018-06
GT5DX;EB7DX;2019-09
GU6XX;M0OXO;2018-03
GW3USR/P;G3USR;2019-04
GW6XX;M0OXO;2018-03
GX3WIM;G4WYJ;2018-09
GX4BJC/A;M5DIK;2019-04
GX4FOC;G3SWH;2018-05
GX4RFR;G4POF;2019-01
GX5DX;EB7DX;2019-09
GX5MW;M6VFC;2018-02
H31A;HP1AVS;2019-01
H33J;JA1HGY;2019-01
H40D;VE3LYC;2018-04
H40KT;M0URX;2019-10
H40TT;M0URX;2019-10
H40YM;EA5GL;2018-02
H44LL;EA7FTR;2019-07
H44MI;DL2GMI;2019-08
H44MS;DL2GAC;2019-06
H44R;VE3LYC;2018-04
H44XG;JA1XGI;2018-06
H44YM;EA5GL;2018-02
H55RAST;HS5NMF;2019-01
H72DX;WY1G;2018-02
H88X;9A5URI;2018-09
H88X;I0SNY;2018-09
H92L;HP1MRA;2019-08
HA1973BA;HA5BA;2018-09
HA50KHC;HA5KHC;2018-11
HA50KVG;HA8KVG;2018-02
HA60NU;HA3NU;2018-09
HA80FOC;HA9RT;2018-05
HB0/DF3FS;DF3FS;2019-10
HB0/DJ1AA/M;DJ1AA;2019-09
HB0/DJ2AX;DJ2AX;2019-09
HB0/DK6DD;9A6NDD;2018-09
HB0/DL1AWD;DL1AWD;2018-04
HB0/DL4APJ;DL4APJ;2019-09
HB0/DL5ARG;DL5ARG;2019-09
HB0/DL5PIA/P;DL5PIA;2019-08
HB0/DL5YL;DL5YL;2019-09
HB0/DL5YM;DL5YM;2019-09
HB0/DL6JF;DL6JF;2018-04
HB0/DL7PIA/P;DL7PIA;2019-08
HB0/OE6FNG;OE6FNG;2019-09
HB0/OE6WIG;OE6WIG;2019-09
HB0/ON4ANN;M0URX;2018-09
HB0/ON4CCV/P;M0URX;2018-09
HB0/ON4CKM/P;M0URX;2018-09
HB0/PA3RDF;PE1FLO;2018-04
HB0/WB8BHN;WB8BHN;2019-06
HB0/WB8BHN/P;WB8BHN;2019-06
HB0Y/DO3LZ;DO3LZ;2019-06
HB10WCA;HB9FBI;2019-06
HB30YCY;HB3YCY;2019-01
HB9/IZ1DNQ;IZ1DNQ;2019-06
HB9/IZ1GDB;IZ1GDB;2019-07
HB90CSA;HB9CSA;2019-06
HB90CXZ;HB9CXZ;2019-01
HB90EPE;HB9EPE;2019-01
HB90EYP;HB9EYP;2019-01
HB90EYP;HB9OCR;2019-10
HB90FVR;HB9FVR;2019-01
HB90FXL;HB9FXL;2019-01
HB90GPR;HP9GPR;2019-01
HB90GXP;HB9GXP;2019-01
HB90OCR;HB9OCR;2019-01
HB90TIA;HB9TIA;2019-01
HB90TTK;HB9TTK;2019-01
HB90TUD;HB9TUD;2019-01
HB90W;HB9DKZ;2019-05
HB9A;HB9OCR;2019-10
HB9APM;HE9SOL;2019-05
HB9GOLD;HB9OCR;2018-03
HB9H;HB9CXZ;2019-10
HB9HQ;HB9OCR;2019-07
HB9ILLW;HB9FVR;2019-08
HB9O;HB9BRG;2019-02
HB9SPACE;HB9ACA;2019-07
HB9WFF/P;HB9FBI;2019-08
HC0E;HC1QRC;2019-10
HC0T;RC5A;2019-07
HC1DAZ;AC7HU;2018-10
HC1DAZ;KX4PT;2019-02
HC1DAZ;W7HU;2019-07
HC1DW;W0OR;2019-02
HC1E;EC6DX;2019-08
HC1HC/8;NE8Z;2018-08
HC1MD/2;K8LJG;2018-02
HC1MD/7;K8LJG;2018-02
HC1PE;EC5AC;2018-09
HC1PE;EC6DX;2018-10
HC2/IZ1HGP;IZ1HGP;2019-07
HC2GRC;HC2AO;2018-05
HC5ARC;HC5VF;2019-06
HC5D;DL8UD;2019-10
HC5DBT;M0URX;2019-07
HC5DX;W3HNK;2019-08
HC5EAJ;N9EAJ;2019-01
HC5M;DL8UD;2018-11
HC5MWT;K5YG;2019-02
HC5TLM;HC5VF;2019-03
HC7AE;EA5GL;2018-11
HC8GET;OE3GEA;2019-01
HD18FIFA;EC5AC;2018-07
HD5J;HC5ARC;2018-10
HF0DKI;SP2DKI;2019-01
HF0PCK;SP1PBW;2019-08
HF0PCK;SP1DPA;2019-09
HF0SEA/MM;SP1G;2018-04
HF0STO;SQ8W;2018-11
HF0TP;SP8PZI;2019-07
HF0ZHP;SP2ZCH;2018-09
HF100A;SP2ZFT;2019-01
HF100CC;SP5PSL;2019-08
HF100CC;SP5CNA;2019-10
HF100DKI;SP2DKI;2019-01
HF100I;SP4LVK;2018-09
HF100JUNG;SP1KQR;2018-05
HF100K;SP1ZZW;2019-01
HF100L;SP8ZHY;2019-01
HF100LMR;SP5PLW;2018-05
HF100N;SP9YCW;2018-10
HF100O;SP5ZHJ;2019-01
HF100P;SP7ZHP;2019-01
HF100POL;SP2PBM;2018-10
HF100PS;SP9KAG;2019-08
HF100PW;SP3PGR;2018-12
HF100R;SP5PPK;2018-05
HF100S;SP2ZCI;2019-01
HF100SCI;SP9SCI;2018-10
HF100TPN;SP9PTA;2018-10
HF100WW;SP3PWL;2019-01
HF100ZHP;SP5ZHH;2018-02
HF15UE;SP6RCG;2019-06
HF18FWC;SP2UUU;2018-06
HF1918N;SP6OUJ;2018-05
HF1918RO;SP3POW;2018-11
HF1919PS;SP9ZHR;2019-08
HF1CHO;SP1KZE;2019-07
HF2019HNY;SP2PBM;2018-12
HF20PWSZ;SP9TOB;2018-04
HF20RCN;SP2MKO;2019-09
HF27FIN;SP2FAP;2019-01
HF29STB;SP9SCI;2019-06
HF34SDM;SP7PGK;2019-01
HF37B;SP7PB;2018-09
HF40CUF;SP4CUF;2018-05
HF40KVW;SP5KVW;2018-03
HF40STOK;SP4LVK;2019-01
HF50BB;SP9KAT;2019-10
HF50BG;SP9PGE;2019-10
HF50DP;SP9KAT;2019-10
HF50SW;SP9PGE;2019-10
HF50WES;SP5PPK;2019-06
HF50ZAT;SP3ZAT;2019-03
HF579DOB;SP3TYJ;2019-05
HF5WOSP;SQ5ABG;2019-01
HF60KJM;SP9KJM;2019-09
HF60PKI;SP7PKI;2018-05
HF670ML;SP8N;2019-08
HF73RIESE;SP6PWS;2018-09
HF800W;SQ6ILG;2018-03
HF800W;SQ6LIG;2018-09
HF80ENI;SP5PAT;2019-10
HF80PGB;SP2TMT;2019-01
HF80TG;SP5PPK;2018-05
HF80WIELUN;SP7KED;2019-09
HF909OG;SP6KGJ;2018-09
HF90OSP;SP3TYJ;2019-05
HF90STRAZ;SQ5LNL;2019-06
HF9MUZEUM;SP9KAG;2019-05
HF9ZPM;SP2ZCI;2019-04
HG0FLOYD;HA5GY;2019-08
HG0R;HA0NAR;2019-07
HG0Y;HA7GN;2019-07
HG100CFB;HA6OI;2019-01
HG10MEGYER;HA5KDR;2018-09
HG18CEJ;HA3JO;2018-09
HG242LOC;HA5GY;2018-10
HG25RRC;HA1AG;2018-08
HG30PANEU;HA1KSS;2019-08
HG3R;HA3NU;2018-02
HG3UHU;HA3MQ;2019-09
HG480UD;HA0NAR;2018-09
HG4F;HA4FF;2019-08
HG50DFC;HA0NAR;2019-08
HG5C;HA5MA;2018-02
HG5D;HA8QZ;2019-10
HG5OLDT;HA0KA;2018-03
HG5SPORT;HA5LO;2019-09
HG60KCI;HA8KCI;2018-01
HG72QRP;HA5MA;2018-11
HG7T;HA7TM;2019-07
HG8DX;HA8FT;2019-01
HH2JR;W3HNK;2019-08
HH6/N3BNA;KA2AEV;2018-03
HH70A;W3HNK;2018-01
HI1LT;W2CCW;2019-01
HI3/WJ2O;N2ZN;2019-02
HI3LT;W2CCW;2018-11
HI3RMV;EA5GL;2018-09
HI3SD;EC6DX;2019-02
HI6/DK1FY/P;DK1FY;2018-12
HI8K;W2CCW;2019-10
HI8S;EA5GL;2018-10
HI9/F5PLR;F5PLR;2018-12
HK1NA;K6IPM;2019-07
HK3C;M0URX;2018-05
HK3JCL;DK8LRF;2019-06
HK3PJ;HK3W;2019-10
HK3TK;F5CWU;2019-09
HK4T;RW6HS;2019-02
HK7AAG;EA5GL;2018-12
HL06NWPF;HL5BJU;2018-10
HL07BNWPF;HL5BJU;2019-10
HL07NWPF;HL5BJU;2019-10
HL18FINA;HL4CCM;2019-06
HL23CEL;HL4CEL;2018-01
HL23ILX;6K2ILX;2018-02
HL23IWD;HL1IWD;2018-01
HL23VAU;HL1VAU;2018-01
HL23VXK;HL2VXK;2018-01
HL4/JA8COE/5;JA8COE;2018-03
HL74V;6K0MF;2019-08
HL9BSA;HL4ZFA;2019-10
HO1D;HP1RCP;2019-07
HP/AA4NC;AA4NC;2018-01
HP1/HI8JSG;HI8JSG;2018-12
HP1AC;HP1ALX;2019-10
HP1LAC;HP1MAC;2018-01
HP1XT;KU9C;2018-04
HP2DX;HP2BWJ;2019-07
HP3/NL8F;N7RO;2018-12
HP3AK;W4JS;2019-09
HP3SS;AC2OV;2019-07
HP8/AA1M;AA1M;2018-02
HP8/W1USN;W1USN;2018-02
HQ9D;AA4FL;2019-04
HQ9T;N9EAW;2018-12
HQ9X;W1UE;2018-05
HQ9X;KQ1F;2019-09
HR9/K1XM;KQ1F;2018-05
HR9/LZ5VV;LZ5VV;2018-11
HR9/N2WQ;N2WQ;2018-11
HR9/N3AD;W3HNK;2019-10
HR9/SP4Z;SP4Z;2018-11
HR9/W1UE;W1UE;2019-02
HS0ZED;G4SQA;2018-03
HS0ZET;DF6RK;2018-12
HS0ZFA;DJ4ER;2019-03
HS0ZGD;LA7JO;2019-08
HS0ZIA;EA5GL;2018-01
HS0ZIK;ZB2JK;2018-01
HS0ZIQ;ZB2JK;2018-01
HS0ZJS;HB9PHJ;2018-12
HS0ZMS;HB9MUQ;2018-09
HS0ZNE;SM7OEW;2019-01
HS0ZNP;IW1PQI;2018-09
HS0ZNR;VK2BY;2018-12
HS0ZNW;DL1QQ;2018-11
HS0ZOJ;F4BKV;2019-10
HS55RAST;HS5NMF;2019-01
HS5YLK;E20WXA;2019-07
HZ1AN;DJ9ZB;2019-03
HZ1DS;DJ9ZB;2019-09
HZ1SBS;HZ1HN;2019-10
HZ1TT;A61BK;2019-09
HZ50SAT;HZ8SAR;2019-01
HZ88ND;HZ1BF;2018-09
I/DL6GCA/P;DL6GCA;2019-10
I1BHN/IA5;I1BHN;2019-07
I2YBC/HB0;I2YBC;2019-08
I6/PH9HB;PH9HB;2019-07
IA0/IZ1KHY;I1URL;2019-01
IA5/HB9CPS;HB9CPS;2018-06
IA5/IK2MMB;IK2MMB;2019-07
IA5/OM2FY;OM2FY;2019-07
IA5/OM2ZZ;OM2FY;2019-07
IB0/IK4ALM;IK4ALM;2018-05
IB0/IK4JPN;IK4JPN;2018-05
IB0/IK4RQJ;IK4RQJ;2018-05
IB0/IK4RUX;IK4RUX;2018-05
IB0/IQ5ZP;9A8MDC;2018-10
IB0/IU5ASA;9A8MDC;2018-10
IB0/IZ4WJA;IZ4WJA;2018-05
IB0/IZ5NRF;9A8MDC;2018-10
IB0P;IK5WWA;2018-07
IB1CN;IK1UGX;2018-05
IB1DCI;IK1GPG;2018-07
IB1MQP;IK1NLZ;2019-10
IB2LV;I2MYF;2019-09
IB2RT;I2MYF;2018-03
IB8MQP;IZ8EDJ;2019-10
IB8SRT;IK8IPL;2019-10
IB9A;IZ2WFL;2019-07
IB9BP;IT9KXK;2019-10
IC8/DF8DX;DF8DX;2018-09
ID9/DL1YAF;DL1YAF;2018-09
ID9/IW1EGO;IW1EGO;2019-07
ID9/IW1GEO;IW9GEO;2019-06
ID9MY;IT9SSI;2019-10
IE9A;IT9YVO;2018-09
IF9/IT9AGZ;IT9AGZ;2019-07
IF9/IT9PPG;IT9PPG;2019-07
IF9A;IT9WDC;2018-10
IG9/IK4YCQ;IK4YCQ;2019-06
IG9MO;IK4ALM;2019-03
IH9/LZ1PM;LZ1PM;2019-01
IH9/LZ1UQ;LZ1UQ;2019-01
IH9/OK6RA;OK6RA;2018-11
IH9/OL3R;OK1VWK;2018-11
IH9/OL3R;OL3R;2018-11
IH9P;OL5Y;2019-10
II0AGV;I0KQB;2019-03
II0BIKE;9A5URI;2019-03
II0BP;IW0GOA;2018-10
II0FOC;IK0YGJ;2018-05
II0GDF;9A8AOT;2019-06
II0GM;I0KQB;2018-02
II0IAJV;IZ0XZD;2019-09
II0IANI;IZ0EUX;2018-09
II0IDO;IZ0FVD;2018-03
II0IDP;IM0SDX;2019-03
II0IDP;IS0AGY;2019-03
II0IGTO;IZ0BTV;2019-09
II0IHAN;IZ0EUX;2019-09
II0IHMW;IU0DZA;2019-10
II0KT;I0KQB;2019-03
II0LDV;I0KQB;2018-03
II0MG;IZ0FVH;2019-01
II0MQP;IS0AGY;2019-10
II0ROSA;9A5URI;2019-07
II0SRE;IS0JXO;2019-08
II1AIT;I1SAF;2018-03
II1ASGE;IQ1GE;2019-08
II1CM;IZ1YPF;2019-08
II1FGC;IQ1GE;2019-09
II1HKK;IQ1DZ;2018-05
II1IAEO;IK8XVA;2018-09
II1ICS;I1ANP;2018-03
II1IGJ;IK1VHX;2018-03
II1ITR;IZ1ETD;2018-03
II1IVR;IW1FRU;2019-07
II1MTN;IK8XVA;2019-10
II1OVAD;IQ1OV;2019-06
II1PMM;IW1RCU;2018-06
II2AAM;IQ2MI;2019-05
II2COMO;IK2AQZ;2019-01
II2IARD;I2QIL;2018-09
II2IARD;IT9MRM;2019-09
II2OM;IK2AQZ;2019-04
II2RR;IK2VUC;2018-02
II2SRT;HB9FBI;2019-10
II2SRT/6;HB9FBI;2019-10
II2VINC;IQ5EM;2019-05
II2VZME;IZ2SOG;2019-06
II30CJ;IW2HAJ;2018-05
II3AC;IK3GES;2018-05
II3ARIS;IZ3ZUC;2019-10
II3B;IQ3SD;2018-02
II3BVV;IQ3VV;2018-10
II3GG;IQ3GO;2018-09
II3GIRO;IV3TMM;2018-05
II3L;IQ3MV;2019-09
II3MD;IN3EYI;2019-10
II3MQP;IN3EYI;2019-10
II3Y;IV3OSC;2019-07
II4AMP;IQ4FE;2018-05
II4ART;IQ4FE;2019-05
II4BRD;IQ4FE;2019-07
II4CAL;IQ4FE;2019-01
II4CAO;IQ4FE;2018-02
II4COU;IQ4FE;2018-06
II4FRD;IQ4FE;2018-11
II4GRM;IQ4FE;2019-09
II4HNR;IQ4FE;2018-10
II4HRZ;IQ4FE;2018-02
II4JOTA;IZ4UFB;2019-10
II4LNZ;IQ4FE;2018-08
II4MAR;IQ4FE;2018-03
II4MJR;IQ4FE;2019-06
II4MNU;IQ4FE;2019-09
II4MRC;IQ4FE;2019-02
II4MXW;IQ4FE;2018-01
II4OER;IQ4FE;2018-09
II4RGH;IQ4FE;2019-01
II4SLR;IQ4FE;2019-03
II4TES;IQ4FE;2018-04
II4TSB;IQ4FE;2019-04
II4VOL;IQ4FE;2018-08
II5ANT;IZ5BTC;2018-02
II5CC;IZ4SUC;2019-06
II5GB;IZ5MMH;2019-10
II5MUG;IK5GQK;2019-10
II5VC;IZ5MMH;2018-02
II6MOON;IW6ATQ;2019-08
II7FOC;I7ALE;2018-05
II7IAEQ;IZ7AUH;2019-10
II7ICT;IZ7AUH;2018-03
II7JOTA;IK7YZI;2018-10
II7MQP;IZ7AUH;2019-10
II7P;IK7LMX;2019-07
II7P;IZ7FJJ;2019-08
II7SRE;IW7DMH;2019-10
II7WWI;IZ7AUH;2018-02
II8FTDM;IK8YFU;2019-08
II8ICN;IK8FIQ;2018-03
II8ICN;9A5URI;2019-03
II8K;IZ8EPX;2019-03
II8MQP;IU8DKG;2019-10
II8RACS;IQ8CS;2019-09
II9BP;IT9ZEO;2018-10
II9FIFA;IW3RUA;2018-06
II9IADP;IT9GHW;2019-09
II9IASG;IT9MRM;2019-10
II9IGB;IT9CKA;2018-03
II9IGB;9A5URI;2019-03
II9IHPM;9A5URI;2019-09
II9IHPM;9A8URI;2019-09
II9IQM;9A5URI;2018-06
II9L;IT9BUN;2018-11
II9SRE;IT9VCE;2019-10
IJ8MQP;IK8WEJ;2019-10
IK2SGL/OA9;IK6BFH;2019-06
IL3/DF8DX;DF8DX;2019-07
IL7MP;IW7EGQ;2019-07
IL7MP;M0OXO;2019-07
IM0/IU4HRJ;IU4HRJ;2019-07
IM0DAE;IK5WWA;2019-09
IO1MQP;I1JQJ;2019-10
IO1NGM;IQ1RY;2019-01
IO1NGM;IZ1LBG;2019-01
IO3F;IZ3SQW;2019-02
IO3Y;IV3SKB;2019-02
IO4C;IZ4DPV;2019-05
IO5CNPP;IZ5RHU;2018-12
IO5O;IK5RLP;2019-10
IO5SP;IW5EFX;2019-01
IO8MQP;IZ8EDJ;2018-10
IO8T;N6TJ;2019-10
IO9A;IT9YVO;2019-07
IO9O;9A8MDC;2018-03
IO9R;ITYAO;2018-11
IP1T;I1ANP;2019-07
IP2ANT;IK2QPR;2018-02
IQ0NU;IS0FFD;2018-05
IQ1IM;IK1NEG;2018-09
IQ1RY;IK1HXN;2018-10
IQ1SM;IZ1GAR;2019-09
IQ1UA;IZ1PMC;2018-09
IQ1ZS;9A5URI;2019-09
IQ3GO;IV3AZV;2019-09
IQ3ME/P;IQ3ME;2019-07
IQ5QO;IZ5GST;2018-05
IQ5QO/P;IZ5GST;2018-02
IQ5WT/P;9A8MDC;2019-09
IQ5ZR;9A5URI;2019-09
IQ6KX;IW6ATQ;2018-02
IQ7ML;IZ7QEN;2019-10
IQ8EO;IZ8HHZ;2019-07
IQ8FT;IK2UVR;2019-07
IQ8WN;9A8MDC;2018-03
IQ8WN;IZ8DFO;2018-03
IQ9DE;IW9CTJ;2019-09
IQ9MY;IT9CAR;2019-10
IQ9SY;IT9NVA;2019-05
IQ9UI;IT9CHU;2018-09
IQ9YV;9A8MDC;2018-09
IR0FOC;IS0AFM;2018-05
IR18AAW;IK8FIQ;2018-02
IR18AAW;9A8MDC;2019-02
IR1G;IZ1LBG;2019-02
IR2Q;IK2PFL;2019-02
IR2R;9A8MDC;2019-02
IR3MD;IN3MDR;2018-11
IR4ANR;IU4DTT;2018-02
IR4ANT;IU4DDT;2018-02
IR4M;I4IFL;2019-07
IR4SIC;IQ4JO;2019-09
IR4X;I4EAT;2019-07
IR7MT;IK7RVY;2019-01
IR8ANT;I8ACB;2019-02
IR8D;IZ8JAI;2019-02
IR8SRE;IZ8XJJ;2019-10
IR9K;IT9DSZ;2019-07
IS0/DJ0BFS;DJ0BFS;2019-09
IS0/DL8JJ/M;DL8JJ;2018-07
IS0/EA5ZD;EA5ZD;2018-07
IS0/F8BDQ;F8BDQ;2019-07
IS0/IK1TTD;IK1TTD;2019-07
IS0/OM2TW;OM2FY;2019-07
IS0/UX1UF;UX1UF;2019-07
IS0SWW;IQ0NU;2019-03
IT9/I3EME;I3EME;2019-07
IT9/IQ5ZP;9A8MDC;2019-08
IT9/ON6MM/P;ON6MM;2019-08
IT9AAK/IG9;IT9AAK;2019-09
IV3UHL/P;IV3UHL;2019-07
IY0M;I0IJ;2019-05
IY1DCI;IK1GPG;2019-07
IY1SM;IQ1BK;2018-04
IY5MD;9A8MDC;2019-05
IY7GMB;IK7JVE;2019-10
IY7HDY;IK7HDY;2019-05
IY7M;IZ7XNB;2019-08
IZ1GDB/IT9;IZ1GDB;2019-08
IZ4EFP/P;IZ4EFP;2018-04
J20NT;EA3NT;2019-04
J28ND;S57DX;2019-06
J28PJ;F1TMY;2019-06
J3/G0VJG;G4DFI;2018-06
J3/G4HSO;EA5GL;2019-01
J3/G4HSO;G4HSO;2019-01
J42L;SV2DCD;2018-10
J48J;SV1PMQ;2018-09
J49A;SV9GPV;2019-08
J52EC;IZ3BUR;2018-02
J6/G4HSO;EA5GL;2019-01
J6/KG9N;KG9N;2018-02
J62ARC;J69MV;2018-02
J66CD;EB7DX;2018-10
J68GD;K9AW;2019-10
J68HZ;K9HZ;2019-09
J68MD;N2HIW;2019-10
J69HZ;K9HZ;2019-08
J70VR;DD0VR;2018-01
J73HGL;EA5GL;2019-01
J73WA;ND3R;2019-07
J79GEA;OE3GEA;2019-01
J79TA;M0OXO;2019-04
J79U;M0OXO;2019-04
J79WTA;HB9MFM;2019-09
J88HF;PA3C;2019-09
J8NY;VE7NY;2018-10
JA4GXS/0;JA4GXS;2019-10
JA4GXS/1;JA4GXS;2019-05
JA8COE/0;JA8COE;2019-09
JD1BMH;JG1PSJ;2019-04
JD1BMV;JK1EBA;2019-06
JD1BNA/JD1;JL1UTS;2019-09
JD1BNB;JA3MCA;2019-06
JD1BPH;JH1HHC;2018-11
JD1BPK;JA2GQT;2019-06
JF1CCH/0;JF1CCH;2019-10
JG1LFF/2;JG1LFF;2019-10
JG3DOR/2;JG3DOR;2019-10
JG7PSJ/7;JG7PSJ;2019-09
JI1CRM/JD1;JI1CRM;2018-11
JI3DST/0;JI3DST;2019-09
JI3DST/5;JI3DST;2019-09
JI5RPT/8;JI5RPT;2019-10
JJ1QPF;DF8DX;2019-04
JJ2ONH/2;JJ2ONH;2019-10
JK3ZXK/2;JP3AYQ;2019-10
JQ1SUO/0;JQ1SUO;2019-10
JR2NMA/2;JR2NMA;2019-10
JR6/DJ4EL;DJ4EL;2019-10
JR8YLY/0;JR8YLY;2019-09
JR8YLY/5;JR8YLY;2019-09
JS6UEA;DJ4EL;2019-10
JT0DX;JT1CS;2018-09
JT1QP;DJ8QP;2019-08
JT1QP/6;DJ8QP;2019-07
JT1QP/7;DJ8QP;2019-07
JT5DX;JT1CO;2019-09
JT5LZ;LZ1JZ;2019-01
JT7A;RA0SMS;2019-09
JT9/R9YU;EB7DX;2019-04
JV1A;WV6E;2019-09
JV5A;WV6E;2018-07
JW/DJ2AX;DJ2AX;2018-09
JW/DL4APJ;DL4APJ;2018-09
JW/EA3NT;M0OXO;2019-06
JW/I/7KHR;IZ7KHR;2019-09
JW/IT9SSI;IT9SSI;2019-09
JW/IT9YVO;IT9YVO;2019-09
JW/IZ7KHR;IZ7KHR;2019-09
JW/LB2PG;LB2PG;2019-06
JW/OJ0Y;M0SDV;2019-06
JW/ON7SA;ON6FDP;2019-07
JW/W6NV;W6NV;2018-02
JW100PUT;SP3PET;2018-07
JW1QH;LA1QH;2019-01
JW4PUA;LA4PUA;2018-03
JW5X;LA5X;2019-10
JW6VDA;OH2NRG;2018-02
JW6VDA;OH6VDA;2019-10
JW6VM;LA6VM;2019-10
JW7QIA;LA7QIA;2019-06
JW7XK;LA7XK;2019-10
JW8DW;LA8DW;2018-05
JW9DL;LA9DL;2019-10
JX3EX;LA3EX;2018-01
JY5HX;E73Y;2018-02
JY5MM;IK2DUW;2019-08
K0A;K5CM;2018-08
K0K;KG0J;2018-08
K0W;KC0W;2019-07
K0Y;KD7QAS;2018-08
K1HP/KH2;JE2EHP;2019-01
K1IMI;N4CW;2019-07
K1M;KP4AAN;2018-09
K1S;WS1SM;2018-08
K2A;N2SQW;2019-07
K2G;K4NHW;2019-07
K2H;W1AST;2019-07
K2J;N4YZ;2019-07
K2L;W1TEF;2019-07
K2M;K3MJW;2019-07
K2S;K2RYB;2019-01
K3CWO;W0TG;2019-04
K3Y;WX4TV;2018-07
K4BRI/P;K4BRI;2019-07
K4CWT;W0TG;2019-04
K4K;K4MZU;2018-02
K4T;K4NHW;2018-06
K5E;KI5DQ;2018-09
K5KUA/P;K5KUA;2019-07
K5P;K0AP;2019-09
K7C;NT7MM;2019-08
K7M;NT7MM;2019-04
K7S;NT7MM;2019-04
K7TRI;VE3LYC;2019-09
K7Y;K9AJ;2019-05
K9A;W9OU;2018-09
KC4AAA;K7MT;2019-10
KC4AAC;K7MT;2019-10
KC4USV;K7MT;2019-10
KE2CWO;W0TG;2019-04
KE6CWO;W0TG;2019-04
KF2IRE;KD2CUO;2018-10
KG4AS;N4SIA;2019-03
KG4AY;AC8AY;2018-12
KG4SC;KP2L;2019-03
KH0/AA4NC;AA4NC;2018-02
KH0/AA4VK;AA4VK;2018-02
KH0/WB6Z;JF1OCQ;2019-09
KH0N;JA6CNL;2019-06
KH1/KH7Z;K4TSJ;2018-06
KH2/KJ7AQI;JS2AZO;2018-10
KH2/NH0N;JA6GLD;2018-04
KH2/WQ6B;WQ6B;2018-07
KH2/WU1R;JG2BVO;2019-06
KH2KY;JA1MFR;2018-03
KH2L;W3KNK;2019-01
KH2L;W3HNK;2019-08
KH2X;OH2BH;2018-09
KH6/AA4NC;AA4NC;2018-02
KH6/AA4VK;AA4VK;2018-02
KH6/AH2Y;HL1IWD;2018-11
KH6/DL1DX;DL8UI;2018-05
KH6/DL8UI;DL8UI;2018-08
KH6/IK5SRF;IK5SRF;2019-09
KH6/JH0CJH;JH0CJH;2018-02
KH6/JN1CBZ;JN1CBZ;2018-08
KH6/K0EAP;K0EAP;2018-09
KH6/N2HX;N2HX;2018-05
KH6/OE3GEA;OE3GEA;2018-03
KH6/OK6DJ;OK6DJ;2018-02
KH6BB;K1ER;2018-03
KH6LC;WA6WPG;2019-06
KH6YY;K2PF;2019-07
KH6ZM;I0MWI;2019-09
KH7M;N6TJ;2018-10
KH7XX;EB7DX;2018-01
KH8/W1VX;JF1OCQ;2018-11
KH8/WJ2O;N2ZN;2018-06
KH8C;JF1OCQ;2018-11
KK1CWO;W0TG;2019-04
KL0R;N4GNR;2019-10
KL7/AG5JI;VK4DI;2018-06
KL7/KJ6MBW;KJ6MBW;2018-06
KL7J;N3SSL;2019-10
KL7RA;N4GNR;2019-02
KL7RRC/P;N7RO;2019-08
KL7SB;NI4DX;2018-10
KL7SB;N4GNR;2019-01
KL7SB/VP9;N4GNR;2019-07
KM4FOC;K2SX;2018-05
KN5CWO;W0TG;2019-04
KN8CWO;W0TG;2019-04
KP2/KE4PLT;KE2PLT;2018-11
KP2/KN4PUD;KN4PUD;2018-11
KP2AD;OK1TN;2019-10
KP2M;NZ4DX;2019-07
KP3RE;EA5GL;2019-02
KP4/EI9FBB;M0OXO;2018-10
KP4/VE3DZ;VE3DZ;2019-03
KP4EIT;EA5GL;2019-06
KT3Q/2;DF8DX;2018-12
KT5CWO;W0TG;2019-04
KT5FOC;W0VX;2018-05
KU9C/VP9;KU9C;2019-07
KX4CWO;W0TG;2019-04
L20X;LU1XP;2019-02
L50A;LU4AAO;2018-02
L60ESC;LU7DUE;2019-06
L66S;LU1SF;2018-05
L70Q;LU1QA;2019-09
LA/CT1BWW;EA4URE;2018-08
LA/CT1BWW;CT1BWW;2018-09
LA/CT2IXX;CT2IXX;2019-07
LA/CT2IXX/P;CT2IXX;2019-06
LA/DK8WG/M;DK8WG;2019-07
LA/DL4BBH;DL4BBH;2019-05
LA/DL7UXG;DL7UXG;2019-05
LA/OK1XC;OK1XC;2019-07
LA/OK3EE;OK1DBS;2019-07
LA/OL7X;OK1XC;2019-07
LA1K/P;LA1K;2019-08
LA6JAM;LA5G;2018-10
LC1U;LB8CG;2018-11
LC5C;LA6KOA;2018-09
LC6C;LA6VQ;2018-11
LC8P;LA8PDA;2018-09
LC9S;LA9GSA;2018-09
LG5LG;LA7TIA;2019-09
LG80T;LA2T;2019-03
LM10SOTA;LB4FH;2018-03
LM450C;LA4C;2019-01
LM90HQ;LA5YJ;2018-09
LO5D;LU8EOT;2019-03
LR4D;LU4AA;2018-08
LR5D;LU4AA;2018-09
LS1D;LW9EOC;2018-11
LU/DL2OE;DL2OE;2019-04
LU0HQ;LU4AA;2018-07
LU1DK;EC5AC;2018-03
LU1DK;EC6DX;2018-10
LU1DX;EC5AC;2018-10
LU1DX;EC6DX;2018-10
LU1ZAB;LU4DXU;2018-02
LU1ZR;LU2CN;2019-02
LU2DD;EC6DX;2018-11
LV5Y;LU5VV;2018-11
LX/DC2CL;DC2CL;2019-03
LX/GM0OBX;M0OXO;2019-05
LX/OO7W;ON4AUP;2018-09
LX/OO9O;ON7SS;2019-08
LX/PA0PIW;PA3EYC;2019-09
LX/PA2LO;PA3EYC;2019-09
LX/PA3DUU;PA3DUU;2018-11
LX/PA3EYC;PA3EYC;2019-09
LX/PA3GRM;PA3EYC;2019-09
LX/PD0GP;PA3EYC;2019-09
LX5IGRY;LX1ER;2018-07
LX75V;LX1JH;2019-08
LX7I;LX2A;2019-07
LX8FTDM;LX1TI;2019-08
LX8M;LX1ER;2018-10
LX9DX;LX2A;2018-06
LX9S;HB9AOF;2018-10
LY/DJ8QP;DJ8QP;2019-09
LY100A;LY1RMD;2018-02
LY100B;LY1RMD;2018-02
LY100C;LY1RMD;2018-02
LY100CY;LY9Y;2018-02
LY100D;LY1RMD;2018-02
LY100G;LY1RMD;2018-02
LY100K;LY1RMD;2018-02
LY100L;LY1RMD;2018-02
LY100N;LY1RMD;2018-02
LY100P;LY1RMD;2018-02
LY100T;LY1RMD;2018-02
LY100W;LY1RMD;2018-02
LY100X;LY1RMD;2018-02
LY100Y;LY1RMD;2018-02
LY100Z;LY1RMD;2018-02
LY100ZZ;LY5A;2018-02
LY10WCA;LY3IV;2019-06
LY11LY;LY2QT;2018-03
LY15EU;LY2QT;2019-05
LY18SP;SP1EG;2018-04
LY19SP;SP1EG;2019-04
LY2018RMD;LY1RMD;2018-09
LY2018XMAS;LY2QT;2018-12
LY28A;LY5A;2018-02
LY29A;LY5A;2019-03
LY30A;LY5A;2019-08
LY30BW;LY2QT;2019-08
LY4ZF;YL1ZF;2019-10
LY765KM;LY3X;2018-07
LY782A;LY5A;2018-09
LY782QT;LY2QT;2018-09
LY783QT;LY2QT;2019-09
LY783SUN;LY4TB;2019-08
LY800SMG;LY2NZ;2019-03
LY80FOC;LY2PX;2018-05
LY80FOC;LY5A;2018-05
LY85DG;LY5O;2018-06
LY85DS;LY2NZ;2018-07
LZ/4X6TT;N4GNR;2019-01
LZ/EA3HSO;N4GNR;2019-01
LZ/S55M;S55M;2018-02
LZ/SQ5KWA;SQ5KWA;2019-07
LZ/SV2RUJ/P;SV2RUJ;2018-01
LZ0HQ;LZ1BJ;2019-07
LZ0I;LZ1BJ;2019-07
LZ10WCA;LZ5W;2019-01
LZ10WCA;LZ1YE;2019-06
LZ110SAE;LZ1KCP;2018-04
LZ1146SPS;LZ1KCP;2018-08
LZ115RF;LZ1YE;2018-01
LZ116RF;LZ1YE;2019-04
LZ117ML;LZ1KCP;2019-03
LZ1354PM;LZ1KCP;2019-01
LZ140LO;LZ1ZF;2018-01
LZ1545POA;LZ1KCP;2018-09
LZ16HST;LZ1BJ;2019-09
LZ1809PNS;LZ1KCP;2019-06
LZ1833PSS;LZ1KCP;2018-01
LZ19CY;LZ1KSP;2019-06
LZ19ECC;LZ1KSP;2019-03
LZ19YOTA;LZ1BJ;2019-08
LZ250MT;LZ1KCP;2018-02
LZ25RRC;RZ4EC;2018-06
LZ25RRC;RZ3EC;2018-07
LZ25TRC;LZ1YE;2018-02
LZ304AE;LZ1KCP;2019-07
LZ304EW;LZ1KCP;2019-09
LZ30OJ;LZ1YE;2019-01
LZ30STM;LZ1ZF;2018-07
LZ311HI;LZ1KCP;2019-09
LZ33MM;LZ1KCP;2018-10
LZ35PAR;LZ1ZF;2018-08
LZ362ME;LZ1KCP;2018-03
LZ380PM;LZ1KCP;2018-06
LZ391MW;LZ1KCP;2019-01
LZ40MS;LZ1KCP;2018-02
LZ430PPW;LZ1KCP;2018-05
LZ497OM;LZ1KCP;2019-04
LZ4W;LZ6DJ;2019-10
LZ50ZF;LZ2UW;2019-01
LZ532PSO;LZ1KCP;2018-11
LZ5R;LZ1YQ;2019-08
LZ60KAA;LZ1KAA;2019-01
LZ65RCP;LZ1JZ;2018-03
LZ6T;LZ2ZK;2019-07
LZ73A;LZ1YQ;2019-04
LZ73TRC;LZ1YE;2019-10
LZ73ZZ;LZ1ZF;2018-04
LZ74ZZ;LZ2KLR;2019-05
LZ815NI;LZ1KCP;2019-05
LZ818PT;LZ1KCP;2019-02
LZ920MLC;LZ1KCP;2018-08
M/ON6EF/P;ON6EF;2018-05
M/ON6QR;ON6QR;2019-07
M/SP3CMX;SP3CMX;2018-02
M/YO4HGX;YO4HGX;2018-02
M0RSE;G3SWH;2019-09
M0VPY;MM0VPY;2018-07
M1C;G1XOW;2019-10
M1K;M1KTA;2018-07
M1U;M0UTD;2019-08
M3D;G3XTT;2018-11
M4J;G0DVJ;2019-10
M7T;G3YYD;2018-02
MD/EB1BSV;EB1BSV;2019-09
MD/OP2D;M0URX;2019-09
MD/WJ2O;N2ZN;2019-07
MD0HWX;JF1OSL;2019-05
MD0ITP;JH0CJH;2019-04
MD0IUX;JJ2VLY;2019-05
MD0JZB;MM0JZB;2019-10
MD0VPY;MM0VPY;2019-10
MD1E;M0OXO;2019-10
MD1K;M1KTA;2019-07
MD1U;M0OXO;2019-10
MD2C;MD0CCE;2019-07
MD4K;G3NKC;2019-10
MI0M;MI0SAI;2018-09
MI5I;GI0RQK;2018-09
MJ/OK1FIK;OK1FIK;2019-07
MJ/OK1FWM;OK1FWM;2019-07
MJ/OK3RM;OK3RM;2019-07
MJ/OQ7A/P;ON8AZ;2019-05
MJ/OT9Z;ON8ZL;2018-09
MJ0ICD;OK1DOL;2019-07
MJ0IKL;OK1DOL;2019-08
MJ0ILB;OK1BIL;2019-08
MJ0X;M0RTI;2019-10
MM/DL5KUA;DL5KUA;2019-07
MM0CPS;GM4UYZ;2018-08
MM0CPS/P;GM4UYZ;2019-08
MM0XAU;DJ6AU;2019-08
MM1E;MM0GOR;2019-07
MM2N;MM0GPZ;2019-08
MM3T;GM0ELP;2019-07
MN0NID;MI0SAI;2018-09
MN5A;G3TXF;2019-07
MR0CCE;MD0CCE;2018-05
MR0GOR;MM0GOR;2018-05
MR0HVU;MM0HVU;2018-05
MR3AWD;MM3AWD;2018-05
MS0INT;M0SDV;2019-08
MS0ORK/P;GM0WED;2019-10
MU/SP7VC;SP7VC;2018-08
MU2K;GU8ITE;2019-03
MW0DHF/P;MW0DHF;2019-07
MX1COL;G6XOU;2019-06
MX1SWL/A;M5DIK;2019-04
MX5A;G3TXF;2018-09
N0A;KK1X;2018-10
N0CWO;W0TG;2019-04
N0F;KD2CUO;2018-10
N0F;AC0RL;2019-08
N1A;KK1X;2018-10
N1F;KD2CUO;2018-10
N1F;K1TA;2019-01
N1RAC/KL7;K7ICE;2018-02
N2A;KK1X;2018-10
N2F;KD2CUO;2018-10
N2OB;N2OO;2019-08
N2VV/VY2;N2VV;2019-06
N3A;KK1X;2018-10
N3F;KD2CUO;2018-10
N4A;KK1X;2018-10
N4C;K3LU;2018-01
N4EE;W4BFZ;2018-01
N4EVJ/HC7;W7HU;2019-06
N4F;KD2CUO;2018-10
N4H;W4MY;2018-09
N4P;K3LU;2018-01
N4R;K3LU;2018-01
N4T;WK1DS;2018-12
N4V;K3LU;2018-01
N5A;KK1X;2018-10
N5C;K0AP;2019-09
N5F;KD2CUO;2018-10
N6A;KK1X;2018-10
N6F;KD2CUO;2018-10
N7A;KK1X;2018-10
N7F;KD2CUO;2018-10
N8A;KK1X;2018-10
N8F;KD2CUO;2018-10
N8FOC;W8AV;2018-05
N9A;KK1X;2018-10
N9EAJ/1;N9EAJ;2018-07
N9F;KD2CUO;2018-10
NA1WJ;KD2FIL;2019-08
NA8O/KH2;JK1FNL;2018-03
NF3R/C6A;NF3R;2018-03
NH7A;F6VHJ;2018-03
NH7A;WA6WPG;2019-06
NL7S;N4GNR;2018-04
NL8F;N7RO;2019-07
NP2/K4XU;K4XU;2018-02
NP2J;K8RF;2019-10
NP2P;N2TTA;2018-05
NP2X;KU9C;2018-03
NP4TX;EB7DX;2019-04
NP4Z;N4AO;2019-07
NY3A/3;NY3A;2019-07
OA3/AC0PR;AC0PR;2019-04
OA4/PA3GFE;PA3GFE;2019-01
OA4/WJ2O;N2ZN;2018-02
OA4GL;EA7HBC;2019-08
OC18FWC;OA4O;2018-06
OC19IARU;OA4O;2019-10
OC3CH;OA4O;2019-08
OC4HP;OA4O;2018-09
OC4MS;OA4O;2018-02
OC4PS;OA4O;2018-03
OC4SP;OA4O;2018-03
OD5ET;EB7DX;2019-08
OD5FTDMC;K3IRV;2019-08
OD5LBS;OD5LN;2019-05
OD5PY;KU9C;2019-07
OD5QB;YO3FRI;2019-07
OD5SK;IZ8CLM;2019-07
OD5TE;IZ8CLM;2018-05
OD5TE;K3IRV;2019-07
OD5TX;W4JS;2019-09
OD5UI;IZ8CLM;2018-09
OD5VB;EA5GL;2019-07
OD5YA;IZ8CLM;2019-07
OD5ZF;IZ8CLM;2019-07
OD5ZZ;N4GNR;2019-01
OE0HQ;OE3KAB;2019-07
OE100AAI;OE7AAI;2018-09
OE100AIR;OE8AIR;2018-03
OE100AJK;OE8AJK;2018-07
OE100AJT;OE7AJT;2018-03
OE100BKC;OE3BKC;2018-03
OE100DMA;OE3DMA;2018-04
OE100DMB;OE3DMB;2018-06
OE100EGN;OE5EGN;2018-03
OE100EGN;OE5GEN;2018-03
OE100ES;OE3XAS;2018-10
OE100FTE;OE6FTE;2018-03
OE100GBK;OE8GBK;2018-03
OE100GOA;OE1GOA;2018-06
OE100HTL;OE5HTL;2018-06
OE100IGP;OE2IGP;2018-06
OE100IIO;OE5IIO;2018-03
OE100JWD;OE6JWD;2018-05
OE100KFV;OE9KFV;2018-08
OE100KHR;OE8KHR;2018-08
OE100KJK;OE8KJK;2018-07
OE100LRO;OE2LRO;2018-06
OE100MFI;OE7MFI;2018-06
OE100MPI;OE7MPI;2018-03
OE100NCH;OE1NCH;2018-07
OE100PKB;OE3PKB;2018-03
OE100RAD;OE6RAD;2018-09
OE100RNS;OE3RNS;2018-03
OE100SGU;OE1SGU;2018-03
OE100SGU;OE3SGU;2018-03
OE100SPW;OE8SPW;2018-06
OE100SSU;OE1SSU;2018-06
OE100VIE;OE4VIE;2018-03
OE100WMA;OE3WMA;2018-03
OE100XCL;OE5AMR;2018-08
OE100XFG;OE6XFG;2018-04
OE100XGM;OE5XGM;2018-04
OE100XHQ;OE3XHQ;2018-03
OE100XKJ;OE7MPI;2018-08
OE100XRC;OE4RGC;2018-10
OE100XWI;OE7XWI;2018-04
OE100YEARS;OE1SSS;2018-03
OE100YSC;OE3YSC;2018-03
OE100YXK;OE8YXK;2018-03
OE100ZKC;OE1ZKC;2018-04
OE10WCA;OE3XHA;2019-05
OE120MF;OE6XMF;2018-12
OE125FFS;OE3TWA;2018-06
OE15AAW;OE3DMA;2018-02
OE15SOTA;OE5YYN;2019-09
OE16AAW;OE3DMA;2019-02
OE18BALLON;OE3RNS;2018-08
OE18BKC;OE3BKC;2018-09
OE18EGN;OE5EGN;2018-09
OE18FIFA;OE3KLU;2018-06
OE18M;OE1WHC;2018-04
OE18MMD;OE6MMD;2018-09
OE18SGU;OE1SGU;2018-09
OE18VIE;OE4VIE;2018-09
OE18WRCD;OE6FBD;2018-05
OE18XCI;BUREAU;2018-09
OE18XKJ;OE7MPI;2018-09
OE18XRG;OE6CBG;2018-09
OE18XWI;OE7XWI;2018-09
OE190APD;OE3BKC;2019-09
OE192APD;OE3BKC;2019-09
OE192APD;OE2LRO;2019-10
OE193APD;OE3BKC;2019-09
OE193APD;OE3DMA;2019-09
OE196APD;OE3BKC;2019-09
OE196APD;OE6WIG;2019-10
OE19FTDMC;OE1SGU;2019-08
OE19IOTA;OE6HLF;2019-08
OE19LAWN;OE3IPC;2019-04
OE19M;OE1WHC;2019-04
OE23HABC;OE3PFS;2018-09
OE30CFC;OE3CFC;2019-08
OE32EUDXF;OE4VIE;2018-11
OE3LFLB;OE3XHA;2018-07
OE3XMA;OE1DIA;2019-09
OE50NOE;OE6XMF;2019-06
OE5TXF;G3TXF;2019-10
OE6PUPIL;OE6WIG;2018-05
OE8/DL1MKW;DL1MKW;2019-10
OE88YL;OE3YSC;2019-07
OE9MSOE;OE6XMF;2019-06
OE9R;OE9HGV;2018-10
OG0C;OH5CW;2018-05
OG0YL;OH2YL;2019-04
OG1D;OH1JD;2018-09
OG5A;OH5AD;2019-07
OG60F;OH1NOA;2018-01
OG60IPA;OH4MDY;2019-01
OG70AD;OH3AD;2019-04
OG7Z;OH73ELK;2019-09
OG95AA;OH8AA;2018-12
OH/DF1XC;DF1XC;2018-01
OH/DK4ZC;DK4ZC;2018-09
OH/ES1BRD;ES1BRD;2019-01
OH0/EA5DCL;EA5DCL;2019-06
OH0/R1BEV;R1BEV;2019-10
OH0C;E21EIC;2019-07
OH0EA;OH2KMG;2018-07
OH0JV;DL7RV;2019-08
OH0KA;OH3KAV;2018-05
OH0NOA;OH1NOA;2019-05
OH0NOA/P;OH1NOA;2019-06
OH0PM;OH2PM;2019-07
OH0R;OH2PM;2019-08
OH0T;OH2GEK;2018-10
OH0TA;OH2TA;2019-07
OH0UA;DL6UAA;2019-04
OH0UDG;M0OXO;2019-07
OH0W;OH2BH;2019-10
OH0Z;W0MM;2019-10
OH1/DL2VFR;DL2VFR;2018-05
OH1/DL2YBG;DL2YBG;2018-05
OH1/DL7UXG;DL7UXG;2018-05
OH10TA;OH1MN;2018-03
OH10X;PG5M;2019-01
OH1Z;OH1LEG;2018-09
OH3077F;OH3JF;2019-06
OH3AD/5;OH3AD;2018-07
OH3D/5;OH3AD;2018-07
OH6KP/M;OH6KP;2018-12
OH73S;OH7KIM;2018-02
OH8AA;OH8JK;2019-03
OH8UV/P;OH8UV;2018-05
OH8X;OH0XX;2018-10
OH8X;OH6KN;2018-10
OH9A;OH1NOA;2019-07
OH9W;OH5BQ;2019-08
OH9W/1;OH5BQ;2019-07
OI1AY;OH1AJ;2018-09
OI3V;OH3KAV;2018-02
OJ0/OG3A;OH3WS;2019-09
OJ0/OH3WS;OH3WS;2019-09
OJ0A;E21EIC;2019-07
OJ0AW;OH6AD;2019-06
OJ0B;OH2BH;2019-07
OJ0C;OH3JR;2018-07
OJ0C;OJ3JR;2018-09
OJ0C;OH3WS;2019-08
OJ0DX;DL3DXX;2019-07
OJ0JR;OH3JR;2019-07
OJ0MR;OG2M;2019-08
OJ0O;OE1ZKC;2019-08
OJ0W;OH3WS;2019-07
OJ0Y;M0SDV;2018-06
OJ0Z;DJ9ZB;2019-07
OJ9A;OH2BH;2019-07
OK/DJ8QP;DJ8QP;2019-09
OK1KLV;OK1DOM;2018-03
OK2C;OK2KYC;2019-10
OK4C;OM2FY;2019-01
OK5E;OK1NE;2018-11
OK5Z;OK2ZI;2019-01
OK6W;OK1MU;2018-02
OK7FOC;OK1TN;2018-05
OK8CDX;G4OBK;2019-05
OL100A;OK1TN;2018-08
OL100BOB;OK2BOB;2018-12
OL100C;OK1TN;2018-08
OL100CSR;OK1MP;2018-08
OL100E;OK1TN;2018-08
OL100E;OK1PI;2018-10
OL100N;OK1TN;2018-08
OL100R;OK1TN;2018-08
OL100RCS;OK1TN;2018-08
OL100S;OK1TN;2018-08
OL100S;OK2ZA;2018-09
OL100T;OK1TN;2018-08
OL100T;OK5AC;2018-09
OL100Y;OK1TN;2018-08
OL100Y;OK7ZM;2018-09
OL100Y;OK7CM;2018-10
OL100ZH;OK2RZ;2019-01
OL10ROBOT;OK1DDV;2018-05
OL10ZUHZSCR;OK2DIK;2019-04
OL120AB;OK4RM;2019-01
OL13FORT;OK2NO;2018-08
OL19CAMP;OK1MP;2019-10
OL250VEK;OK1KQI;2019-04
OL48MLA;OK2ER;2019-09
OL48MLA;OK2RZ;2019-09
OL4A;OK1DSX;2019-10
OL4ACF;OK1AR;2019-10
OL4C;OK1NP;2019-04
OL50MR;OK1MR;2019-03
OL5DIG;OK1AR;2019-01
OL60HZ;OK1XZ;2019-04
OL60ZH;OK2RZ;2019-04
OL75CARBON;OK2PXJ;2019-09
OL75CLAY;OK2PXJ;2019-04
OL7T;OK2BXU;2019-07
OL88YL;HB9FPM;2019-07
OL8K;OK1GTH;2019-07
OL90ITALIA;OK1ZKR;2018-05
OL9A;OK2ZAW;2019-10
OL9HQ;OK1MP;2019-07
OM/DJ8QP;DJ8QP;2018-07
OM/SQ9MDF/P;SQ9MDF;2019-09
OM100CSR;OM2FY;2018-08
OM100MRS;OM3KHT;2019-08
OM2019IIHF;OM2FY;2019-04
OM4Q;OM3BY;2018-10
OM70KAP;OM3PA;2019-04
OM75TESLA;OM3KHT;2018-05
OM777AD;OM0AD;2019-01
OM777CS;OM0CS;2018-04
OM777FL;OK1FML;2018-03
OM80PAR;OM3PA;2018-08
OM83IHWC;OM2FY;2019-04
OM8A;OM2VL;2019-08
ON/PA2CDV/P;PA2CDV;2018-03
ON/PD0RWL/P;PD0RWL;2018-03
ON1418END;ON4HRT;2018-11
ON2019PELT;ON1TO;2019-01
ON3GTV/P;ON3GTV;2019-02
ON44WAR;ON7RY;2019-09
ON4RAT;ON4LG;2018-09
ON75JB;ON6LL;2019-05
ON75L;ON4RSX;2019-09
ON75PPA;ON6WL;2019-08
ON9BD;ON6EF;2019-08
OO19TRUDO;ON4TRC;2019-10
OO70NATO;ON4JM;2019-04
OO9A;ON8YB;2018-06
OP0HQ;ON4CAS;2019-07
OP0PPY;ON7LX;2019-08
OP187MN;ON2KP;2018-11
OP18A;ON7LU;2018-09
OP18HC;ON6HC;2018-04
OP18L;ON5VL;2018-09
OP18N;ON4CRD;2018-04
OP18RCL;ON3AR;2018-11
OP18V;ON4GDV;2018-11
OP4W;ON4BWT;2018-11
OP75E;ON4CRD;2019-09
OP7LO;ON7LO;2018-11
OP8ON;ON8ON;2018-11
OR10WCA;ON3AR;2019-06
OR15ANT;ON7ZM;2018-02
OR2M;ON4IA;2018-12
OR4ESA;DL0ESA;2018-02
OR50AF;ON2KFJ;2019-04
OR50BAF;ON2KFJ;2019-05
OR6T;ON4AMX;2019-10
OR75CLM;ON6HC;2019-10
OR75USA;ON4GDV;2019-09
OS0X;ON4JM;2018-01
OS100V;ON4OS;2018-05
OS8D;ON8DN;2018-01
OT100FB;ON6LC;2018-11
OT2X;ON6YX;2019-07
OT32EUDXF;ON6CC;2018-11
OT35PRA;ON4PRA;2018-09
OT4V;ON4VT;2018-02
OT65MLB;ON4MLB;2018-01
OT70ACC;ON7SS;2018-05
OT70ALT;ON7SS;2018-05
OT70ARA;ON7SS;2018-05
OT70AST;ON7SS;2018-05
OT70ATH;ON7SS;2018-05
OT70ATO;ON7SS;2018-05
OT70BDX;ON7SS;2018-05
OT70BFA;ON7SS;2018-05
OT70BSE;ON7SS;2018-05
OT70BTS;ON7SS;2018-05
OT70BXE;ON7SS;2018-05
OT70CLR;ON7SS;2018-05
OT70CPN;ON7SS;2018-05
OT70CRD;ON7SS;2018-05
OT70DIG;ON7SS;2018-05
OT70DST;ON7SS;2018-05
OT70EKO;ON7SS;2018-05
OT70ERA;ON7SS;2018-05
OT70GBN;ON7SS;2018-05
OT70GDV;ON7SS;2018-05
OT70GNT;ON7SS;2018-05
OT70GTM;ON7SS;2018-05
OT70HCC;ON7SS;2018-05
OT70HRT;ON7SS;2018-05
OT70KTK;ON7SS;2018-05
OT70LGE;ON7SS;2018-05
OT70LIR;ON7SS;2018-05
OT70LLV;ON7SS;2018-05
OT70LUS;ON7SS;2018-05
OT70LVN;ON7SS;2018-05
OT70MCL;ON7SS;2018-05
OT70MLB;ON7SS;2018-05
OT70NBT;ON7SS;2018-05
OT70NLB;ON7SS;2018-05
OT70NNV;ON7SS;2018-05
OT70NOL;ON7SS;2018-05
OT70ODE;ON7SS;2018-05
OT70ONZ;ON7SS;2018-05
OT70ORA;ON7SS;2018-05
OT70OSA;ON7SS;2018-05
OT70OSB;ON7SS;2018-05
OT70OST;ON7SS;2018-05
OT70PHI;ON7SS;2018-05
OT70RAM;ON7SS;2018-05
OT70RAT;ON7SS;2018-05
OT70RCA;ON7SS;2018-05
OT70RSX;ON7SS;2018-05
OT70SNW;ON7SS;2018-05
OT70THN;ON7SS;2018-05
OT70TLS;ON7SS;2018-05
OT70TRA;ON7SS;2018-05
OT70TWS;ON7SS;2018-05
OT70UBA;ON7SS;2018-05
OT70WLD;ON7SS;2018-05
OT70WRA;ON7SS;2018-05
OT70WRC;ON7SS;2018-05
OT70WTO;ON7SS;2018-05
OT70YLC;ON7SS;2018-05
OT70ZTM;ON7SS;2018-05
OT7X;ON7XT;2018-03
OT8B;ON1CH;2019-09
OU0POLIO;OZ1ACB;2019-06
OU18FWC;OZ1ACB;2018-06
OU29EU;OZ1GML;2019-09
OU2PA;PA2A;2018-09
OU2V;OZ1FJB;2019-04
OU4N;OZ4KG;2018-09
OV18FWC;SP2UUU;2018-06
OV1CDX;OZ1GML;2018-01
OX/OZ1LXJ;OZ1LXJ;2019-10
OX/SE3A;SM3UQK;2019-01
OX/W0GPR;W0GPR;2018-08
OX1AA;OZ1ACB;2019-10
OX3LG;OZ1ACB;2018-10
OX3LX;OZ1ACB;2018-10
OX3LX;OZ0J;2019-06
OX5DM;OZ1ACB;2019-10
OX7A;OZ1ACB;2018-10
OX7AKT;OZ1ACB;2018-10
OX7AM;OZ1ACB;2018-10
OY/DL1ZBO;DL1ZBO;2019-09
OY/DL2VU;DL2VU;2019-09
OY/DL5FF;DL5FF;2019-09
OY/IZ1AZA;IZ1AZA;2019-08
OY/LB5GI;LB5GI;2019-09
OY1OF;M0URX;2019-08
OZ/DH9LAK/P;DH9LAK;2018-04
OZ/DK1DU;DK1DU;2019-09
OZ/DK2AJ;DK2AJ;2019-09
OZ/DL2GLA;DL2GLA;2019-09
OZ/DL2JRM;DL2JRM;2019-07
OZ/DL2RVL/P;DL2RVL;2019-06
OZ/DL3DW;DL3DW;2019-07
OZ/DL5CCW;DL5CCW;2019-07
OZ/DL5CW;DL5CW;2019-07
OZ/DL5XJ;DL5XJ;2019-09
OZ/DL9DAN;DL9DAN;2018-06
OZ/DL9LBR;DL9LBR;2019-04
OZ/PA1SVM;PA1SVM;2018-09
OZ/PD5R;PD5R;2018-08
OZ/PD7RB;PD7RB;2018-07
OZ/SP1C/P;SP1C;2019-06
OZ0IL;DL1UWE;2019-08
OZ0MF;DF5LW;2019-08
OZ0TX;DL7AT;2018-10
OZ1AA;OZ1ACB;2018-09
OZ1HQ;OZ1ACB;2019-07
OZ1ONOFF;OZ1ACB;2019-03
OZ2SPACE;OZ1ACB;2019-01
OZ4SOP;OZ4CG;2019-07
OZ5W;OZ7QC;2018-09
OZ6SYL;OZ7AGR;2019-09
OZ7A;OZ1IKY;2019-08
OZ80FOC;OZ8SW;2018-05
P29LL;EA7FTR;2019-10
P29NI;G3KHZ;2019-01
P29VCX;SM6CVX;2019-01
P29VIM;YO5BIM;2018-08
P29ZL;W1YRC;2019-10
P33W;UA3DX;2019-08
P3F;M0URX;2019-10
P3N;RW3RN;2019-08
P3X;5B4AMM;2019-10
P3Z;5B4AFM;2018-07
P4/DF5AU;DF5AU;2018-05
P4/DL1AOB;DL1AOB;2018-10
P4/K9NW;K9NW;2019-02
P4/K9PG;K9PG;2019-02
P4/NN5E;NN5E;2018-10
P4/NT5V;NT5V;2018-10
P4/PA7DA;PA7DA;2019-10
P4/PH2M;PH2M;2018-11
P4/W6LD;W6LD;2019-02
P4/WE9V;WE9V;2019-02
P40AU;DF5AU;2018-05
P40E;K9QVB;2018-02
P40T;VE3DZ;2019-10
P40W;N2MM;2019-10
P40WL;DK5WL;2018-03
P40X;DJ4MX;2019-06
P40XX;AA7V;2019-07
P44K;G3NKC;2019-03
P44W;N2MM;2019-07
P49X;W0YK;2019-09
PA/DD2CW;DD2CW;2018-01
PA/DL0IGA/LH;DL1KJ;2019-08
PA/DL1DN/P;DL1DN;2019-06
PA/DL1EAL;DL1EAL;2018-05
PA/F4FET;F4FET;2018-07
PA/ON4IBM;ON4IBM;2018-07
PA/ON5SWA/P;ON5SWA;2018-02
PA/ON6QR;ON6QR;2018-07
PA/OT4V/P;OT4V;2018-06
PA/SP1MVG/P;SP1MVG;2018-12
PA100IAU;PA1UN;2019-05
PA100KLM;PA0WBZ;2019-10
PA111SCOUTS;PA3EFR;2018-05
PA11APOLLO;PA1UN;2019-07
PA123QWERTY;PC2Y;2019-01
PA13HJ;PA9LUC;2019-07
PA146EU;PB0P;2019-07
PA18CC;PA2TMS;2018-02
PA18FIFA;PA0RSM;2018-06
PA18T;PA7HPH;2018-02
PA1918PAX;PA5V;2018-11
PA2018BP;PA3EFR;2018-02
PA32EUDXF;PA1AW;2018-10
PA350RB;PA2CVD;2019-04
PA40UNIFIL;PC9C;2019-03
PA45TMS;PA2TMS;2019-01
PA52KDA;PA0RSM;2019-04
PA6B;PE1KL;2019-01
PA6FUN;PA3HHT;2019-08
PA6HQ;PA3CAL;2019-07
PA6IOT;ON3UN;2018-07
PA6JAM;PD5CW;2018-10
PA6TJARDA;PD3AR;2019-10
PA6TXL;PA2JJB;2019-07
PA6URK;PA3GNE;2019-08
PA75LIMBURG;PC9DB;2019-09
PA75OSB;PC4C;2019-08
PA75SODS;PI4ZWN;2019-08
PA75STAR;PA1UN;2018-10
PA80FOC;PA5V;2018-05
PB100IAU;PA9RZ;2019-05
PB18ANT;PA0RDY;2018-02
PB18MILL;PB7Z;2018-05
PB18XMAS;PD2RKG;2018-11
PB32EUDXF;PA1AW;2018-10
PB6BB;PA3HFJ;2019-09
PB6MILL;PA7DA;2018-05
PC100IAU;PB7TT;2019-05
PC10WCA;PA3FYG;2019-06
PC32EUDXF;PA1AW;2018-10
PC50DIG;PA2TMS;2019-10
PC6IPA;PA9LUC;2018-09
PC75BOA;PA0FAW;2019-09
PD10WCA;PD0RWL;2019-06
PD18SANTA;PD2RKG;2018-11
PD18VOR;PD5MVH;2018-06
PD32EUDXF;PA1AW;2018-10
PD38EU;PD5MVH;2019-10
PD538RNI;PD0ARI;2019-09
PD5MVH/P;PD5MVH;2019-10
PE32EUDXF;PA1AW;2018-10
PF18NAWAKA/J;PA5UL;2018-09
PF19ANT;PA0RDY;2019-01
PF2018BOL;PA0MBD;2018-05
PF2018DOK;PA0MBD;2018-09
PF2018FRA;PA0MBD;2018-07
PF2018HAR;PA0MBD;2018-09
PF2018HIN;PA0MBD;2018-12
PF2018LWD;PA0MBD;2018-01
PF2018SLO;PA0MBD;2018-03
PF2018SNK;PA0MBD;2018-02
PF2018STA;PA0MBD;2018-11
PF2018WOR;PA0MBD;2018-10
PF2018YLS;PA0MBD;2018-03
PF32EUDXF;PA1AW;2018-10
PF36CAVENTE;PA7HPH;2018-08
PF6HPP;PA1TK;2019-01
PF6W;PA0RRS;2019-06
PF80FOC;PA0ABM;2018-05
PG00T;PA2TMS;2019-04
PG32EUDXF;PA1AW;2018-10
PG55G;PD7YY;2018-02
PG90T;PA2TMS;2018-11
PH00T;PA2TMS;2018-11
PH100ADL;PI4ADL;2019-10
PH100KLM;PA3DVA;2019-09
PH18MILL;PI4ZHE;2018-05
PH32EUDXF;PA1AW;2018-10
PH38EU;PA2TMS;2019-07
PH6WAL;PI4WAL;2019-08
PH70PH;PA7HPH;2019-01
PH75AIR;PA9RF;2019-09
PH75MG;PI4CQ;2019-09
PH80FOC;PA0ABM;2018-05
PI32EUDXF;PA1AW;2018-10
PI40FL;PA3HEB;2018-02
PI40SRN;PA3DHR;2019-10
PI4APD;PA7HPH;2019-01
PI4D;PD4RW;2018-02
PI4ECC;PA0MBD;2018-07
PI4ET;PE1DUG;2018-08
PI4MRC;PD2PN;2019-06
PI5MRC;PD2PN;2019-05
PI60DWN;PA8DWN;2019-04
PJ0DX;IZ1MHY;2018-02
PJ2/DK5ON;DK5ON;2018-03
PJ2/DL8OBQ;DL8OBQ;2019-10
PJ2/K2PLF;K2PLF;2018-02
PJ2/KB7Q;KB7Q;2019-01
PJ2/KF4DX;DL8NU;2018-11
PJ2/KV4UD;KV4UD;2019-04
PJ2/N4GG;N4GG;2018-02
PJ2/N5OT;N5OT;2018-02
PJ2/NK8O;NK8O;2018-08
PJ2/ON4ANN;ON4ANN;2019-10
PJ2/PB1HF;PB1HF;2018-03
PJ2/SV2AEL;SV2AEL;2018-05
PJ2/VA3ZC;VA3ZC;2019-06
PJ2/W9VA;W9VA;2018-02
PJ2/WI9WI;WI9WI;2018-02
PJ2C;EA5AHA;2018-01
PJ2C;EC5AHA;2018-09
PJ2DD;PF4T;2019-07
PJ2HQ;W3HNK;2019-07
PJ2MAN;EC5AHA;2019-09
PJ2SM;EC5AHA;2019-01
PJ2T;W3HNK;2019-10
PJ2Y;AB8YK;2018-07
PJ4/AH2P;EA4AK;2019-08
PJ4/K5SL;K5SL;2019-09
PJ4/K8UE;K4BAI;2018-11
PJ4/KK9A;WB9DZV;2018-03
PJ4/KK9A;WD9DZV;2018-03
PJ4/N0AX;N0AX;2018-11
PJ4/N0JK;W0LD;2018-06
PJ4/NE9U;NE9U;2018-02
PJ4/NN9DD;K4BAI;2019-01
PJ4/W0LD;W0LD;2018-06
PJ4/WW4LL;K4BAI;2019-01
PJ4DX;M0URX;2019-08
PJ4G;NE9U;2018-10
PJ4G;W4PA;2018-11
PJ4K;KU9C;2018-10
PJ4KY;M0URX;2019-08
PJ4P;DJ5BWD;2019-01
PJ4R;WB9DZV;2018-03
PJ4R;WD9DZV;2018-03
PJ4T;VE3DZ;2018-09
PJ4U;IK0PUL;2019-01
PJ4Z;K4BAI;2019-01
PJ5/AI5P;AI5P;2018-04
PJ5/N6YEU;N6YEU;2019-01
PJ5/SP2FUD;SP2FUD;2018-03
PJ5/SP2GCJ;SP2GCJ;2018-03
PJ5/SP9FIH;SP9FIH;2018-03
PJ5/W9DR;W9DR;2019-06
PJ5T;SP2GCJ;2018-03
PJ5Z;SP9FIH;2018-03
PJ6/AI5P;AI5P;2018-04
PJ6/K4UEE;K4UEE;2019-01
PJ6/K5AC;K5AC;2019-01
PJ6/WC4X;WC4X;2019-01
PJ7/K5SL;K5SL;2018-09
PJ7/UR5BCP;KD7WPJ;2018-11
PJ7/UT6UD;UT6UD;2018-01
PJ7/W3FSA;W3FSA;2019-03
PJ7DH;G0PBQ;2018-09
PJ7PL;N2HX;2018-10
PJ7TM;K2GSJ;2019-08
PJ8RV;JA1HGY;2018-05
PJ8SK;JI1DFO;2019-06
PJ8Z;JH1AJT;2018-05
PQ50Y;PT2OP;2019-01
PQ6T;F4BHW;2018-12
PR2CI;PY2AE;2018-04
PR2D;PY2LCD;2018-09
PR2E;PY2AA;2018-12
PR2IL;PY2LCD;2018-02
PR50Y;PT2OP;2019-01
PR5M;PP5BZ;2018-05
PS1S;M0OXO;2018-07
PS2T;PY2NY;2018-05
PS36OKT;PY2AA;2019-10
PS36OKT;PY2GTA;2019-10
PS50Y;PT2OP;2019-03
PS5X;F4BHW;2019-02
PS6I;F4BHW;2018-12
PT1F;PY1AA;2019-02
PT50Y;PT2OP;2019-04
PT5J;PP5JR;2019-07
PU0F/PU2XDX;PU2XFX;2018-02
PU0FDN;PY7RP;2018-09
PV50Y;PT2OP;2019-04
PV7B;PT7BI;2018-08
PV7L;PT2OP;2018-02
PV8ABC;PV8AA;2019-03
PW2J;PY2OP;2018-07
PW50Y;PT2OP;2019-05
PX2A;PY5EG;2018-05
PX2A;PY2VM;2019-07
PX2S;PY2CAT;2018-02
PX5P;PU5IKE;2018-02
PX7COM;PR7AYE;2018-04
PX8D;PY8WW;2019-07
PX8R;PT2GTI;2019-07
PX8Z;PY8WW;2018-09
PY0F;PY7RP;2018-10
PY0F/PY2NDX;PY2NDX;2018-02
PY5/LU9ESD;EB7DX;2019-10
PY5ZHP;SP7CVW;2019-10
PZ5CO;UA2FM;2019-07
PZ5JW;PA3BVK;2018-09
PZ5JW;EA5GL;2018-12
PZ5K;G3NKC;2019-10
PZ5T;VE3DZ;2018-11
PZ5XX;OH0XX;2018-05
R0LS/P;R0LS;2018-05
R100AS;RO1M;2019-10
R100F;RK3VWA;2019-08
R100LPU;RX1CQ;2018-05
R100PO;RC7LS;2018-06
R100WB;RV9WB;2019-03
R100WD;RZ9WU;2019-03
R100WE;R9WE;2019-03
R100WEI;R9WEI;2019-03
R100WG;R9WG;2019-03
R100WJV;RA9WJV;2019-03
R100WK;RA9WU;2019-03
R100WN;RX9WN;2019-03
R100WO;R8WO;2019-03
R100WT;R9WT;2019-03
R100WU;RU8W;2019-03
R100WW;RM8W;2019-03
R100WWS;RV3YR;2019-08
R100WXK;R9WXK;2019-03
R100WYY;RZ9WYY;2019-03
R105AP;RV3YR;2018-03
R105WWS;RV3YR;2019-08
R110FS;R4AS;2018-02
R1155SM;RV3LZ;2018-09
R115RAEM;R4AS;2018-12
R120MG;RZ5D;2019-02
R125IL;RZ5D;2019-03
R125NSK;RT9OM;2018-06
R1293W;UA1CDA;2018-09
R130ANT;UA3IIZ;2018-11
R130S;RZ5D;2019-06
R130TU;RZ5D;2018-11
R130TU;UA3IIZ;2018-11
R140TU;RW9H;2018-09
R14MAKS;UA3DJ;2019-08
R1530IG;UA3VLO;2019-08
R160ASP;RV1AQ;2019-03
R160PM;RA9FDR;2019-03
R16JHM;UA9JLL;2018-05
R16JIG;UA9JLL;2018-05
R16JLA;UA9JLL;2018-05
R16JNG;UA9JLL;2018-05
R16JNV;UA9JLL;2018-05
R16JRA;UA9JLL;2018-05
R16JSU;UA9JLL;2018-05
R16JSV;UA9JLL;2018-05
R16UGRA;UA9JLL;2018-05
R18ARG;UA6AGE;2018-06
R18ARMI;R4AS;2018-09
R18AUS;RN3RQ;2018-06
R18BEL;UA6YW;2018-06
R18BEL;RO5O;2018-07
R18BRA;R6AF;2018-06
R18COL;UA6YW;2018-06
R18CRC;UA6YW;2018-06
R18CRO;UA6YW;2018-06
R18DEN;UA6YW;2018-06
R18EGY;UA6YW;2018-06
R18ENG;UA6YW;2018-06
R18ESP;RA3R;2018-06
R18FRA;UA6YW;2018-06
R18GER;UA6YW;2018-06
R18IRN;UA6YW;2018-06
R18ISL;R9XC;2018-06
R18JPN;R2DX;2018-06
R18KOR;UA6YW;2018-06
R18KSA;UA6YW;2018-06
R18MAR;RZ3LC;2018-06
R18MEX;UA6YW;2018-06
R18MEX;R6DG;2018-07
R18NGA;UA6YW;2018-06
R18PAN;RZ3EC;2018-06
R18PER;UA6YW;2018-06
R18POL;UA6YW;2018-06
R18POR;UA6YW;2018-06
R18REF;RQ4A;2018-06
R18RUS;UA6YW;2018-06
R18SEN;RW4NW;2018-06
R18SRB;UA6YW;2018-06
R18SUI;RG3B;2018-06
R18SWE;RA0R;2018-06
R18TUN;UA6YW;2018-06
R18URU;RM9RZ;2018-06
R1943BK;RX6CA;2018-02
R1943KB;RW3WW;2018-07
R1961G;R3LA;2019-04
R2019CG;RV9WB;2019-07
R2019DG;RQ7L;2019-04
R2019LS;UA3RU;2019-02
R20ARRS;RT1O;2018-04
R25RFF;RZ3EC;2018-06
R25RLHA;RZ3EC;2018-07
R25RMA;RZ3EC;2018-06
R25RRA;RZ3EC;2018-07
R25RRC;RZ3EC;2018-06
R26RRC;R7AL;2019-06
R27ARDF;RK3VWA;2018-09
R300POL;RG3B;2019-06
R30AFC;R1AC;2019-01
R30AFG;RU3KO;2019-01
R30AFQ;RV1AQ;2019-02
R30DRA;UA4AJD;2019-01
R315SPB;UF1M;2018-05
R3RRC/6;RZ3EC;2019-05
R400N;RV9V;2018-06
R460AS;RU6UR;2018-09
R63RRC;R7AA;2019-07
R65VLZ;UC4A;2019-08
R66IOTA;UA0LCZ;2019-07
R680S;RO3F;2019-09
R70MRK;UA6YW;2019-09
R75SEV;UA7R;2019-04
R75WKB;R5WW;2018-07
R75YBO;RM3Y;2019-09
R850G;RK3VWA;2018-07
R85AAL;RZ5D;2019-06
RA/DJ8QP;DJ8QP;2019-05
RA/DK2AI/M;DK2AI;2019-07
RA/VK3FY;M0OXO;2018-06
RA07DR;RQ4A;2018-05
RA0AY;RW6HS;2018-09
RA115RAEM;R4AS;2018-12
RA19NY;RQ7L;2019-01
RA1ALA/8;RA1ALA;2019-08
RA1ZZ/P;RA1ZZ;2019-07
RA76SK;UC4A;2019-01
RC18EK;UA6YW;2018-06
RC18KA;UA2FM;2018-06
RC18KZ;UA6YW;2018-07
RC18MO;RK3AW;2018-06
RC18NN;UA6YW;2018-06
RC18RO;UA6YW;2018-06
RC18SA;UA6YW;2018-06
RC18SO;RK6AX;2018-07
RC18SP;UA6YW;2018-06
RC18SR;RW4HB;2018-06
RC18VG;RQ4A;2018-06
RC19NY;RQ7L;2019-01
RF1A;RQ1A;2019-03
RI0BC;RW1AI;2018-10
RI1ANA;RN1ON;2018-01
RI1ANL;RN1ON;2018-03
RI1ANM;RX3ABI;2018-12
RI1ANV;RN1ON;2018-12
RI1ANW;RN1ON;2018-08
RI1ANX;RK1PWA;2019-01
RI1ANY;R2AUR;2019-02
RI1FJ;RW2F;2018-09
RI1OB;R2DX;2019-05
RI1OM;RN1ON;2019-07
RI50ANO;RN1ON;2018-01
RJ1O;RZ1O;2018-03
RK19NY;RQ7L;2019-01
RK1OWA/P;RZ1OA;2018-09
RK30DR;R1II;2019-08
RK3SWB/1;RU3SD;2019-07
RK75OP;R1NU;2019-06
RK9AX;UA9APA;2019-10
RL3A;W3HNK;2018-11
RM19NY;RQ7L;2019-01
RN85AM;RK1B;2018-06
RN85KN;R1MP;2018-05
RO19NY;RQ7L;2019-01
RO75KR;RX7K;2019-04
RO75NN;R2EA;2018-07
RO75O;R2EA;2018-07
RO75RK;R1NU;2019-09
RP73AB;RA0SMS;2018-05
RP73AD;R4FD;2018-05
RP73AU;RK1OWZ;2018-05
RP73AZ;R9AV;2018-05
RP73BR;RA3Y;2018-05
RP73GE;RC3G;2018-05
RP73GF;RA3TYL;2018-05
RP73GS;RK9JYY;2018-05
RP73GV;UA3XS;2018-05
RP73GY;R7PL;2018-05
RP73I;RW4HB;2018-05
RP73IB;RW1AM;2018-05
RP73IP;RA4L;2018-05
RP73IZ;UB4W;2018-05
RP73K;R5WW;2018-05
RP73KC;UB7K;2018-05
RP73KF;RW4NW;2018-05
RP73KR;RU6K;2018-05
RP73L;RW1F;2018-05
RP73LD;RA6CA;2018-05
RP73M;R5CA;2018-05
RP73MG;R6MG;2018-05
RP73MK;UA4AVA;2018-05
RP73MM;UA3RU;2018-05
RP73MP;UA9PM;2018-05
RP73MS;R6LO;2018-05
RP73ND;R2DFJ;2018-05
RP73O;R2EA;2018-05
RP73ON;RZ3LC;2018-05
RP73OT;R4RT;2018-05
RP73P;RK9LWA;2018-05
RP73PK;RG3B;2018-05
RP73PP;R2ZAC;2018-05
RP73QP;RW3O;2018-05
RP73S;RV3LZ;2018-05
RP73SE;UA7R;2018-05
RP73SF;UA9JSF;2018-05
RP73T;R2PT;2018-05
RP73TF;UA4YE;2018-05
RP73TG;UA9APA;2018-05
RP73TP;R8IA;2018-05
RP73TR;RX7M;2018-05
RP73TV;R2IN;2018-05
RP73VF;RK3VWA;2018-05
RP73WW;RD1AH;2018-05
RP73X;R9XC;2018-05
RP74AF;UA6AGE;2019-05
RP74AH;UA6YW;2019-05
RP74AK;R1AU;2019-05
RP74AO;RZ5D;2019-05
RP74AU;RK1OWZ;2019-05
RP74BQ;RC3M;2019-05
RP74GE;R3GM;2019-05
RP74GR;RK9CR;2019-05
RP74GT;UA1TGQ;2019-05
RP74I;RW4HB;2019-05
RP74IS;RW3QM;2019-05
RP74K;R5WW;2019-05
RP74KF;RW4NW;2019-05
RP74KR;RX7K;2019-05
RP74LG;RU3KO;2019-05
RP74M;RD5C;2019-05
RP74MP;RT9OM;2019-05
RP74NP;R5EO;2019-05
RP74O;R2EA;2019-05
RP74ON;RZ3LC;2019-05
RP74P;RK9LWA;2019-05
RP74RA;UA3VLO;2019-05
RP74S;R3LC;2019-05
RP74TG;UA9APA;2019-05
RP74VF;RK3VWA;2019-05
RP74VG;RK3BX;2019-05
RP74WF;UA6VY;2019-05
RP74WP;RK3SWB;2019-05
RP74X;R9XC;2019-05
RT19NY;RQ7L;2019-01
RT5G/1;RA1QQ;2019-07
RT65KI;UA3AKO;2018-08
RU18WC;UA6YW;2018-06
RU19NY;RQ7L;2019-01
RU6DX/P;RU6DX;2019-07
RW19NY;RQ7L;2019-01
RW1AI/9;RW1AI;2019-04
RX3AMI/1/LH;RX3AMI;2019-08
RX4AB;RW6HS;2019-10
RY0A;RW6HS;2018-09
RZ19NY;RQ7L;2019-01
RZ9SFF;UA9SIV;2018-09
S50DIG;S59SV;2019-03
S50HQ;S54G;2019-07
S50IPA;S55N;2018-11
S50WAAD;S59DKS;2019-04
S510SOTA;S50AAA;2018-12
S549APR;S51A;2019-01
S550DDR;S59DDR;2018-06
S550DSW;S51DSW;2018-09
S573G;S50G;2019-04
S590RTVS;S50E;2018-04
S70VB;UA4WHX;2019-01
S79AA;OE6MBG;2019-01
S79AM;RA0AM;2019-04
S79ANR;RA0ANR;2019-04
S79CI;SP6CIK;2019-10
S79EC;NI6G;2019-09
S79ES;NI6G;2019-10
S79GJ;W7GJ;2019-09
S79HA;HA7JTR;2019-05
S79KW;2E0KAM;2019-01
S79LD;VK4EF;2018-04
S79VU;EA5GL;2019-10
S79W;SP9FIH;2019-10
S79ZM;OK1FZM;2019-10
S92HP;CT1ENW;2018-03
S9A;EB7DX;2019-06
S9ZZ;EB7DX;2018-05
SA6G;SM6CUK;2019-06
SA6G/7;SM6CUK;2019-06
SC6AS;SM6RXZ;2018-11
SC7C;SM7BKZ;2018-01
SC7DX;SM7GIB;2018-09
SC80FOC;SM2EKM;2018-05
SD1A;SM1TDE;2019-08
SD3G;DL7UXG;2019-06
SD3G/2;DL7UXG;2019-06
SD6E;SM6BGG;2018-02
SD6X;DJ6SI;2018-08
SD7M;DF9TM;2019-09
SD7V;DL2VFR;2019-06
SD7W;DL2SWW;2019-09
SE19O;SK5BN;2019-07
SE6N;SA6AXR;2018-09
SE7M;SM7GUY;2018-09
SF2CW;SM3DMP;2019-06
SF40RO;SK5RO;2019-07
SF50CG;SM0BYD;2019-01
SF6F;SA6FOL;2018-03
SF80FOC;SM6CUK;2018-05
SG7A;SM7XEN;2018-03
SG8X;SM5AQD;2018-09
SI3A;SM3LIV;2019-09
SI6T;SM6LZQ;2019-09
SI9AM;ON3UN;2018-03
SI9AM;SM3FJF;2018-03
SJ1SOP;SM1TDE;2018-07
SJ7SOP;SM7VRZ;2019-07
SJ9WL;LA7TIA;2019-09
SK0HS/0;SM0MPV;2019-07
SK2T;SK2AT;2018-03
SK3W;SM5CCT;2018-09
SK40UM;SK5UM;2019-02
SK4RY;SM4RGD;2019-08
SK50AJ;SM5CBN;2018-02
SK50HD;SM6FKF;2019-01
SK5A;SM5GMZ;2018-09
SK6W;SM6CTQ;2019-09
SK7BORE;SK7DX;2019-08
SL1HF;SM7EXE;2019-08
SM/G3VYI;G3VYI;2018-07
SM0S;SM5BAX;2019-08
SM6M;SM6MCW;2018-09
SM7/DL2RVL;DL2RVL;2018-06
SM7D;SA7DXN;2019-08
SM7DAY/P;SM7DAY;2019-09
SM80FOC;SM1TDE;2018-05
SN0ARCO;SP9KJU;2019-08
SN0BPS;SP1PNW;2018-09
SN0FF;SP2QCR;2019-07
SN0HQ;SP7DQR;2019-07
SN0LED;SP3OL;2019-06
SN0OMS;SP2PBY;2019-04
SN0RUN;SP5PPK;2019-02
SN0RX;SP8BXL;2019-07
SN0UNESCO;SP9KDU;2018-06
SN0ZN;SP3PGR;2018-05
SN100I;SP3PGR;2018-10
SN100ID;SP8ZBX;2018-09
SN100IP;SP3PML;2018-09
SN100JH;SP9MOA;2018-09
SN100L;SP9PKZ;2018-09
SN100LAW;SP3KPH;2019-01
SN100N;SP9KJU;2018-10
SN100POL;SP1PMY;2018-09
SN100PW;SP3ZAC;2018-10
SN100RD;SP3ZBY;2018-09
SN100RP;SP9PGE;2018-09
SN100S;SP3KQV;2018-09
SN100TR;SP9PGE;2018-10
SN100U;SP2UUU;2018-10
SN100ZHP;SP1ZZW;2018-01
SN100ZHP;SP5ZIP;2018-02
SN100ZN;SP2KPD;2019-01
SN10WFF;SP5C;2019-03
SN110WM;SP3PGS;2019-10
SN120OSP;SP4CUF;2019-10
SN140LHG;SP1ZZ;2018-08
SN150EL;SP1KRF;2018-10
SN170WL;SP3ZAT;2018-07
SN1918WAR;SP5AXL;2018-11
SN1919PS;SP9KDU;2019-08
SN1944P;SP5ZHH;2019-04
SN19WOSP;SP5PPK;2019-01
SN1I;SP1NQF;2019-07
SN1IW;SP2PBY;2019-04
SN20RCN;SP5PAT;2019-09
SN20UM;SQ9UM;2018-01
SN2B;SP3CGK;2018-11
SN2ESH;SP2PBY;2019-04
SN2IU;SP2PBY;2019-04
SN2JOTA;SP2ZIE;2018-10
SN2M;SP2XF;2019-01
SN50CUG;SP3CUG;2019-01
SN5N;SP5KP;2018-02
SN5Y;SP5Y;2019-01
SN600L;SP4SAF;2018-06
SN740BAR;SP1KRF;2018-09
SN75PW;SP5ZIP;2019-04
SN75W;SP5PEP;2019-04
SN75W;SP7IWA;2019-08
SN765GR;SP1KZE;2019-03
SN7Q;SP7GIQ;2019-08
SN80FL;SP2PTU;2019-08
SN80TR;SP2TMT;2019-08
SN80WW;SP1MWF;2019-09
SN85LOT;SP1PMY;2018-06
SN86LOT;SP1PMY;2019-07
SN8K;SQ8ERS;2019-07
SN9L;SQ9NIS;2019-04
SN9Z;SP6EQZ;2019-01
SO100I;SP9PRR;2018-10
SO100N;SP3PWL;2018-10
SO100POL;SP2ZCI;2018-10
SO100PW;SP3PGS;2019-01
SO100PWJ;SP3J;2019-01
SO100RON;SP3J;2018-11
SO100ZHP;SP9ZHP;2018-02
SO1211R;SP6CES;2019-01
SO1919PS;SP9ZHP;2019-08
SO1944W;SP5PSL;2019-04
SO1CC;DL1CC;2019-09
SO1RE;DK8RE;2019-09
SO4M;SP4MPG;2019-07
SO5Y;SP5PPK;2018-02
SO750W;SP6CES;2018-09
SO75PW;SP5CGN;2019-10
SO7M;SP7PKI;2019-09
SP/DJ8QP;DJ8QP;2019-09
SP/M0PLX;SP7DPJ;2019-08
SP0ANT;SQ1SGB;2019-02
SP0C130E;SP2TMT;2018-05
SP0DF;AP1EG;2019-07
SP0DF;SP1EG;2019-07
SP0L;SP7RJI;2018-04
SP0PILKON;SP3ZBY;2018-09
SP100I;SP0PZK;2018-10
SP100JO;SP7ITS;2018-04
SP100L;SP1ZES;2018-05
SP100N;SP9MA;2018-02
SP100PAZ;SP6PAZ;2018-09
SP100POL;SP0RVG;2018-10
SP100POL;SP2YRY;2018-10
SP100PW;SP3KQV;2019-01
SP100ZCF;SP9ZCF;2018-10
SP145PFT;SP5KCR;2018-05
SP1919PS;SP9PNB;2019-08
SP1944W;SP5PWA;2019-04
SP300PAF;SP5PSL;2018-07
SP303PAF;SP5KCR;2018-05
SP304PAF;SP5KCR;2018-05
SP305PAF;SP5KCR;2018-05
SP306PAF;SP2KJH;2018-10
SP307PAF;SP9KAO;2018-03
SP308PAF;SP5KCR;2018-05
SP315PAF;SP5KCR;2018-05
SP317PAF;SP5KCR;2018-05
SP3RN;SP7PL;2018-09
SP3RN;SP7PGK;2019-09
SP4WOJTEK;SQ4AVD;2019-09
SP50ZCF;SP9ZCF;2018-07
SP50ZCF/1;SP9ZCF;2018-09
SP60DXC;SP7DQR;2019-08
SP663PAF;SP5KCR;2018-05
SP75PW;SP5KCR;2019-04
SP75WA;SP5WA;2019-09
SP80WW;SP6OPZ;2019-09
SP80WW/6;SP6OPZ;2019-09
SP85NISKO;SQ7FPD;2018-09
SP8R;SP8PCF;2019-06
SQ100I;SP1PBW;2018-10
SQ100N;SP5KOG;2018-10
SQ100POL;SP3KWA;2018-10
SQ100PW;SP3ZBY;2019-01
SQ100S;SQ9S;2018-10
SQ100V;SQ9V;2018-10
SQ1919PS;SP9PKM;2019-08
SQ6NEJ/1;SQ6NEJ;2019-07
ST2/EK6DO;K6EID;2019-03
ST2BSS;ST2M;2019-10
ST2NH;EA7FTR;2018-11
ST2NRD;ST2M;2018-12
SU0ERA;SM5AQD;2019-09
SU18FWC;SM5AQD;2018-06
SU8JOTA;SM5AQD;2019-10
SU8WD;SM5AQD;2018-04
SU8WRC;OH2BH;2019-10
SU8X;OH2BH;2019-10
SU9HM;IK2DUW;2018-09
SU9JG;EA5GL;2019-08
SU9JT;E73Y;2018-02
SU9TK;JH6HZH;2018-04
SU9VB;UA4WHX;2019-09
SV/KA3EGV;KA3EGV;2019-09
SV0AMS;DL2MGP;2019-01
SV0LR;HB9LDR;2018-09
SV1/DF8DX;DF8DX;2019-01
SV5/DJ5MN;DJ5MN;2019-09
SV5/DL3DRN;DL3DRN;2019-06
SV5/G2JL;G2JL;2019-09
SV5/OK2QQ;OK2QQ;2018-06
SV5/OM6NM;OM2FY;2018-07
SV5/RT1L;OH2FUW;2018-09
SV5/SM8C;SM0CMH;2019-10
SV8/DD0VR;DD0VR;2018-09
SV8/DJ0BFS;DJ0BFS;2019-06
SV8/DJ1JB;DJ1JB;2019-06
SV8/DL7DF;DL7DF;2018-09
SV8/DL8MCA/P;DL8MCA;2019-09
SV8/F6HMJ;F6HMJ;2018-08
SV8/HB9FIH;HB9FIH;2018-10
SV8/IK1TNU;9A8MDC;2019-07
SV8/IW7EGQ;M0OXO;2019-08
SV8/IZ8IEV;IZ8IEV;2019-06
SV8/OK1MBZ/P;OK1MBZ;2019-09
SV8/OM2FY;OM2FY;2018-07
SV8/OM6NM;OM2FY;2019-07
SV8/ON6NM;OM2FY;2019-07
SV8/PD0ARI;PD0ARI;2019-06
SV8/YO3FCA;M0IPU;2018-09
SV9/DJ9XB;DJ9XB;2019-10
SV9/I3MDU;I3MDU;2018-07
SV9/KC8JNV;KC8JNV;2019-09
SV9/LZ3FN;LZ1PM;2019-01
SV9/PH2M;PH2M;2019-09
SV9/S55DX;S55DX;2018-09
SV9/SV2CLJ;SV2CLJ;2019-07
SW44M;DK2PZ;2019-10
SW8DX;IK8JAI;2018-09
SW8YA;HA1YA;2019-07
SW9AA;LZ1PM;2019-08
SW9CW;DL5CW;2018-10
SX100SV;SV2JAO;2018-10
SX100WWI;SV2HTI;2018-11
SX10HF;SZ2T;2018-09
SX12ASTRO;SZ1A;2018-07
SX1L;DL1JCZ;2018-09
SX2AIU;SV2JAO;2019-04
SX2IMA/P;SV2JAO;2018-09
SX5SPY;SV5AZP;2018-02
SX94MIKIS;SZ2T;2019-07
SZ3PMBG19;SZ3P;2019-09
SZ6P;SV1BJW;2019-08
T2AR;3D2AG;2019-06
T2R;N7SMI;2019-06
T30GC;LZ1GC;2019-09
T30L;YL2GN;2019-09
T31EU;DL2AWG;2019-02
T32AH;DL2AH;2018-09
T32AZ;KH6QJ;2019-09
T32NH;JA0JHQ;2018-12
T40SC;CO8ZZ;2019-01
T41FR;CO1CP;2018-09
T41FR;CO1RH;2019-08
T42T;WB2REM;2018-10
T42W;RW6HS;2018-10
T43A;RW6HS;2018-05
T43MY;CO3JK;2018-10
T43SD;CO3JK;2018-09
T45FM;RW6HS;2019-08
T46LC;CCO6CG;2019-08
T46LC;CO6CG;2019-08
T6/IT9HRK;IT9HRK;2019-09
T6A;S53R;2019-09
T6AA;S53R;2019-09
T7/I4GHG;T77C;2019-07
T80B;JF1OCQ;2018-11
T88FM;JM1ILG;2018-09
T88FM;JM1LIG;2019-09
T88HS;JA6KYU;2019-10
T88IB;JA1JEJ;2019-04
T88JH;JR3QFB;2018-09
T88LR;JA1LRV;2018-08
T88MK;JO3LVG;2019-09
T88PB;JA0JHQ;2019-06
T88RH;JR6DRH;2019-10
T88RR;JA6UBY;2019-09
T88US;JF1OCQ;2019-03
T88UW;JH7IPR;2019-10
T88WM;JQ6FQI;2019-10
T88XS;JL3WXS;2018-02
T88YL;JR1FKR;2018-06
T8CW;JA2KCT;2018-01
T8NC;AA4NC;2018-02
T8VK;AA4VK;2018-02
TA0/IK8LOV;IK8LOV;2018-05
TA0/MM0NDX;MM0NDX;2018-05
TA0/ON9CFG;ON9CFG;2018-05
TA3/HB9FIH;HB9FIH;2018-11
TA3/UA9CDC;G3SWH;2019-10
TA6CQ;DL4CQ;2019-10
TA6CQ/1;DL4CQ;2019-05
TC0AX;M0SDV;2018-05
TC0F;TA2BN;2019-10
TC10GITRAD;TA7AZC;2019-02
TC113PTR;TA4E;2019-09
TC16BURSA;YM3KB;2018-10
TC16BURSA;YM3KM;2019-06
TC16DOGA;YM3KB;2019-10
TC1HUT;YM1KM;2019-09
TC1LHS;YM1KE;2019-08
TC29OCT;YM1KE;2018-10
TC2MK;TA2NC;2018-11
TC3COTA;TA3CX;2018-10
TC3D;TA3D;2018-03
TC3GP;YM3KCN;2018-03
TC3GS;YM3KCN;2018-03
TC3K;YM3KCN;2019-05
TC3SO;TA3AER;2018-03
TC6EKM;YM1KE;2018-10
TC7C;TA7OM;2018-10
TC7YLH;TA1HZ;2018-08
TC7YLH;YM7KK;2018-09
TC95TC;TA2IJ;2018-11
TC95TC;TA2J;2018-11
TD9CHR;PA3FYC;2018-02
TD9FYC;PA3FYC;2018-02
TE6DX;TI2CDA;2018-06
TF/DL6MHW;DL6MHW;2019-07
TF/EB3GCP;EB3GCP;2019-04
TF/G0POT;G0POT;2018-06
TF/K0FFY;K0FFY;2019-07
TF/N0DIR;EY8MM;2018-09
TF/PD4L;PD4L;2019-10
TF/SQ9CNN;SP9FIH;2019-05
TF/VE2DX;VE2STN;2018-08
TF/VE3DZ;VE3DZ;2018-07
TF1A;EB7DX;2018-09
TF1AM;TF3MH;2018-02
TF3HQ;TF3MH;2018-07
TG9ADQ;EC6DX;2019-10
TG9ADV;EC6DX;2018-10
TG9AJR;M0URX;2019-02
TG9ANF;VE7BV;2019-01
TG9ANF/7;VE7BV;2019-09
TG9AOR;EC5AC;2018-10
TG9AOR;EC6DX;2018-10
TG9BBV;VE7BV;2019-06
TG9IN;K4TI;2018-09
TI1T;TI2CC;2018-03
TI2CF;W3HNK;2018-08
TI2VLM;EA5ZD;2018-01
TI4CF;W3HNK;2019-01
TI5/N3KS;W4FS;2019-10
TI5/N5BEK;N5BEK;2019-07
TI7/W6HFP;W6HFP;2018-02
TI7/W6PNG;W6PNG;2018-02
TI7/WJ1B;WJ1B;2018-02
TI7W;W4FS;2019-07
TJ2TT;I2YSB;2018-03
TJ3TT;I2YSB;2018-03
TK/DJ0TP;DJ0TP;2019-07
TK/DL4ALB;DL4ALB;2019-07
TK/DL5CW;DL5CW;2019-06
TK/F1UAU/P;F1UAU;2019-09
TK/IW1FRD;IW1FRD;2019-07
TK/IW5ELA;IW5ELA;2019-09
TK/S53BB;S53BB;2019-06
TK19IOTA;F8BBL;2019-09
TM07A;F8DHE;2019-07
TM0BSM;DK5OPA;2019-08
TM0HQ;F5CWU;2019-07
TM0LAG;PA0HEL;2018-08
TM0LHG;PA0HEL;2019-08
TM100ARM;F5IQG;2018-07
TM100HAB;G3WPF;2018-09
TM10FOR;F5KOB;2019-05
TM10KHW;F4HTN;2018-05
TM10SRY;F5KCC;2019-08
TM10WCA;F5NLX;2019-02
TM110BL;F8KGN;2019-08
TM13FAJ;F8BMG;2018-08
TM13FAJ;F5KHP;2018-09
TM14FAJ;F5KHP;2019-08
TM15AAW;F8DVD;2018-02
TM16AAW;F8DVD;2019-01
TM16WAP;F8DHE;2019-01
TM17FFF;F4GFE;2019-04
TM17HF;F6BCC;2018-02
TM18A;F8BBL;2018-06
TM18ATS;F8ATS;2018-02
TM18EHF;F4ESV;2018-11
TM18M;F5JSQ;2018-09
TM18PGM;F4FCE;2018-05
TM19AL;F6KWP;2019-09
TM19ATHF;F4HXC;2019-05
TM19MAB;F4ESV;2019-07
TM19PAQ;F4HZS;2019-04
TM19SGDF;F4EGX;2019-08
TM1ANT;F5SIH;2019-02
TM1ANT;F8DHE;2019-02
TM1I;F4FET;2019-06
TM1K;F6KFA;2019-04
TM1MAD;F5KLJ;2019-09
TM1MOON;F4EUG;2019-05
TM1VG;F4FCE;2018-09
TM20CI;F6KJX;2019-10
TM220BP;F4GFE;2018-06
TM230RF;F4DTO;2019-05
TM24H;F6KFI;2019-06
TM24SLX;F8GGZ;2019-06
TM25GC;F5KMY;2019-05
TM26FB;F5TJX;2019-09
TM28FFA;F5KOU;2018-03
TM29FFA;F5KOU;2019-03
TM29X;F5MUX;2019-04
TM2BZH;F6CNM;2018-08
TM2CF;F4KIW;2018-06
TM2CV;F8GGZ;2018-05
TM2GGR;F5OEV;2018-06
TM2GGR;F6KUF;2018-06
TM2LM;F6KAT;2019-08
TM2LW;F4ELJ;2019-08
TM2O;F1AEY;2018-02
TM33UFT;F6ICG;2018-04
TM34UFT;F6ICG;2019-04
TM34VTT;F1RXP;2018-04
TM36V;F5OHM;2019-08
TM390SR;F4DTO;2018-01
TM39PVJ;F8GGZ;2019-01
TM3G;F5KAY;2019-09
TM3Y;ON4ZD;2018-04
TM3Z;F4DSK;2019-10
TM40CDXC;F5CWU;2018-09
TM40KOP;F6KOP;2018-04
TM40MA;F5KEQ;2018-07
TM40SC;F1JSU;2018-06
TM41CDXC;F5CWU;2019-09
TM41VFV;F6KJX;2018-06
TM420CCAE;F6FMT;2018-12
TM44WFF;F4GTB;2019-09
TM4E;F4GPB;2018-02
TM4G;ON4ZD;2019-04
TM4IPA;ON6ZV;2019-06
TM4RUM;F4AVX;2018-10
TM500LDV;F4GPB;2019-04
TM500LV;F1IOZ;2019-06
TM50KBK;F4GTB;2019-03
TM53J;F6KSU;2018-04
TM55M;F4ESV;2018-02
TM57FF;F-11734;2019-06
TM57FFC;F-11734;2019-06
TM57GG;F-11734;2018-11
TM5A;F5VHJ;2019-07
TM5AD;F6KQK;2019-09
TM5AF;F5NED;2018-09
TM5BZH;F4ELK;2019-05
TM5CQ;F4FRG;2019-01
TM5F;F5SDD;2018-07
TM5F;F1AEY;2019-07
TM5LHP;F1LNS;2019-06
TM5MFL;F6KJX;2019-09
TM5PAX;F5JSQ;2018-11
TM5R;F5KAY;2018-06
TM5S;F5MFV;2019-07
TM5SE;F4KJP;2018-05
TM5TFV;F8KGS;2019-07
TM5TT;F4BEV;2018-02
TM5XR;F4HIK;2018-02
TM62GG;F4AHN;2018-06
TM62TLG;F4AHN;2019-07
TM63CDP;F6BDE;2018-10
TM64YL;F4GDI;2018-09
TM66BLM;F6KBR;2018-12
TM68REF;F6KDL;2018-04
TM6AM;F4KJQ;2018-06
TM6ILE;F5SGI;2019-05
TM6J;F6KCZ;2019-06
TM6N;F4GYM;2018-07
TM6V;F5KDR;2019-10
TM6WPD;F5LQE;2018-10
TM74IDL;F5KKD;2018-09
TM75DP;F4AHJ;2019-08
TM75FTP;F5RUJ;2019-06
TM75GRV;F5KAQ;2019-05
TM75LBJ;F6KEX;2019-08
TM75LM;PA2JWN;2019-08
TM7P;F4FET;2019-07
TM7Y;F8BDQ;2019-10
TM80FOC;F6JOE;2018-05
TM85TF;F5OEV;2018-06
TM85TF;F6KUF;2018-06
TM88FU;F8KHP;2018-06
TM89SRY;F5KCC;2018-09
TM8AB;F4KJQ;2018-12
TM8FF;F8DZU;2019-06
TM8FTDM;F1ULQ;2019-08
TM8U;ON8AZ;2018-05
TM93WARD;F6BEE;2018-04
TM94WARD;F6BEE;2019-04
TM95KOB;F5KOB;2018-07
TN5R;EA5RM;2018-03
TO19A;9A2AA;2019-04
TO1J;JF2QNM;2018-10
TO1T;F6HMQ;2019-06
TO2BC;DL7BC;2018-03
TO40CDXC;F5CWU;2018-09
TO5GI;F5XX;2018-03
TO5M;VO1IDX;2019-08
TO6OK;OK6DJ;2018-09
TO80SP;DL7DF;2019-09
TO8FTDM;F1ULQ;2019-08
TO8T;K8BKM;2019-01
TO972A;F5RXL;2018-02
TR8CA;F6CBC;2019-06
TR8CR;F6AJA;2019-09
TT8FC;EA3GWK;2019-08
TT8JJLH;ZS6AAG;2019-09
TT8JLH;ZS6AAG;2019-08
TT8KO;LA7GIA;2018-09
TT8KO;M0OXO;2018-10
TT8SN;DL9USA;2019-10
TU0PAX;TU2CI;2018-11
TU5MH;DF3FS;2018-10
TX0A;VE3LYC;2018-12
TX2A;W6NV;2019-07
TX5X;KH6OO;2018-03
TY1TT;ON6DX;2018-02
TY7C;F5GSJ;2018-03
UA2FL;RN3RQ;2018-07
UE00S;RZ4AWB;2019-08
UE12APR;R3LO;2018-04
UE17DRW;RK4CYW;2018-12
UE18DG;RQ7L;2019-04
UE21A;RV1CC;2018-06
UE21B;UA1AES;2018-06
UE21M;UA1ANA;2018-06
UE4KR;K2PF;2018-03
UE57G;R3LD;2018-04
UE70AR;RZ5D;2018-11
UE73KM;RW6HS;2018-05
UE74SZ;RC4A;2019-05
UE75LB;RA4AV;2018-02
UE80GS;UA1QV;2018-05
UE90AGN;RZ4Z;2019-08
UE90PR;RK1O;2019-07
UE95GA;RZ5D;2018-02
UI8J;RW9JZ;2018-03
UK7AL;EA5GL;2019-05
UN2E;DF6PB;2018-03
UN3M;M0OXO;2018-03
UN7G;M0OXO;2019-04
UN7NFD;RW6HS;2018-09
UP0L;DL8KAC;2019-07
UP25RRC;RZ3EC;2018-07
UP4L;UN7LZ;2018-03
UP55GA;DL8KAC;2019-09
UR1G;UR8GX;2019-07
UT5C;UX7CQ;2019-10
V26B;KA2AEV;2019-10
V26JO;N1KDO;2019-01
V26K;AA3B;2019-09
V26NF;EA4NF;2018-08
V26OC;N3OC;2019-10
V26PD;NR6M;2018-02
V26PE;VA3ZC;2018-02
V26RA;K3RA;2019-10
V31AE;EB7DX;2019-10
V31AG;AG4T;2019-10
V31AX;M0URX;2019-10
V31CC;NN5E;2019-09
V31CQ;KK7JS;2018-02
V31CQ;K5PS;2018-09
V31CT;WB2REM;2019-10
V31D;AA4FL;2019-04
V31DJ;W0CP;2019-01
V31EH;W5EKG;2019-05
V31FO;DH8BQA;2019-01
V31GS;K9GS;2018-03
V31HE;DK9HE;2019-02
V31HH;NK0S;2019-10
V31IT;M0URX;2019-01
V31JW;NT5V;2019-09
V31MA;M0OXO;2019-07
V31MF;DJ8NU;2019-01
V31MK;K5MDK;2018-02
V31MM;WB2REM;2019-10
V31NC;EA5GL;2019-02
V31NY;WB2REM;2019-10
V31RU;DO5ALX;2018-02
V31ST;W4SJT;2019-10
V31TF;DG7RO;2018-02
V31TR;KT0A;2018-02
V31UX;IK0FUX;2019-01
V31VP;WB0TEV;2019-09
V31ZZ;WB2REM;2019-10
V37DX;DH8BQA;2019-01
V3M;WB2REM;2019-10
V4/AA4VT;AA4VT;2019-10
V4/N4SF;N4SF;2019-10
V4/W4GE;W4GE;2019-10
V44KCB;NT5W;2018-06
V47AA;AA4V;2019-10
V47CDC;W1CDC;2018-04
V47JA;W5JON;2019-07
V47NT;W2RQ;2019-10
V47T;W2RQ;2019-10
V47UR;NR6M;2018-02
V47UR;W3UR;2019-01
V47X;M0URX;2018-10
V49V;AA4V;2019-10
V5/DK7PE;DK7PE;2018-01
V5/ZS1AO;DJ2HD;2018-01
V5/ZS1WO;DH3WO;2019-01
V51MA;PA3249;2019-04
V63AKB;JI1MDM;2018-01
V63DX;HA7HMZ;2018-04
V63PSK;JA1FMN;2019-06
V63SC;JM1LBO;2019-09
V63YAP/P;JH0CJH;2019-05
V6K;JA1XGI;2019-06
V73MT;M0OXO;2018-10
V73NC;JA0JHQ;2018-03
V73NS;W3HNK;2019-08
V73T;N5UR;2019-10
V84SAA;LZ1JZ;2019-01
V850IARU;V85TL;2018-06
VA1YL/KL7;VE1FA;2018-06
VA2/K1BX;K1BX;2019-07
VA2IDX/P;VA2IDX;2018-10
VA3FIRE;KD2CUO;2019-09
VA3FOC;VE3USP;2018-05
VA7AAW;VE7IG;2018-02
VA7XW/VE1;VE7ACN;2019-03
VA7XW/VE2;VE7ACN;2018-04
VB1D;VA1YL;2019-07
VB1M;VA1YL;2018-07
VB2Z;VE2BWL;2018-05
VB3T;VE3AT;2018-03
VC3J;VE3EJ;2018-03
VC3M;VE3MIS;2018-10
VC3M;VE3LA;2018-11
VC3NPARC70;VE3VM;2018-10
VC3S;VE3EID;2018-10
VD105A;VO1NAR;2018-03
VD1BOOM;VO1IDX;2018-03
VE1AWW/CY0;VE1AWW;2019-10
VE1FA/KL7;VE1FA;2018-06
VE2/UT3UA;UT3UA;2019-01
VE2CY/P;VE2CY;2019-07
VE2GT/150;EA5GL;2019-09
VE2OV/P;VE2OV;2019-07
VE3FIRE;KD2CUO;2018-10
VE7/DL1OD;DL1OD;2019-09
VE7ACN/7;RW0CN;2019-07
VE7ACN/7;VE7ACN;2019-07
VE7ACN/CK9;VE7ACN;2019-04
VE7ACN/VE1;VE7ACN;2019-03
VE7ACN/VE2;VE7ACN;2018-04
VE7ACN/VE9;VE7ACN;2019-04
VE7ADA/1;VE7ADA;2019-09
VE9IU;KI1U;2018-09
VI17AC;M0OXO;2019-01
VI4GAMES;VK4WIG;2018-04
VI70HI;M0OXO;2018-01
VI70MDRC;VK3APC;2018-12
VI70MI;M0OXO;2018-06
VI9NI;VK4FW;2019-03
VI9NI;VK2CA;2019-04
VK0AI;VK5MQ;2018-12
VK0HZ;VK3SSB;2019-01
VK18FIFA;VK2IR;2018-06
VK19AUS;VK2IR;2019-06
VK2FBBB/VK9;VK2FBB;2019-04
VK2FBBB/VK9;VK2FBBB;2019-04
VK2IA;DK2BJ;2019-08
VK4/JA8COE;JA8COE;2019-03
VK4COF;N7RO;2018-04
VK4DX/P;VK4DX;2018-05
VK4NM;M0OXO;2019-07
VK4NM/P;M0OXO;2019-07
VK5GR;M0OXO;2018-11
VK5MAV/6;RN3RQ;2019-04
VK5MAV/9;RN3RQ;2018-04
VK8NSB;M0URX;2019-10
VK8ZJZ;EB7DX;2019-08
VK9/JK7LXU;JK7LXU;2018-09
VK9/JO7GVC;JO7GVC;2018-09
VK9APX;AI5P;2019-07
VK9BF;N7BF;2018-09
VK9CH;DF8AN;2018-10
VK9EV;W6ABM;2018-09
VK9LI;VK2CA;2018-05
VK9NC;SP7VC;2019-10
VK9NE;SP7VC;2019-10
VK9NG;SP7VC;2019-10
VK9PM;ZL2HM;2018-09
VK9QR;N7QR;2018-09
VK9X/N1YC;W5UE;2018-04
VK9X/PE7T;PE7T;2018-04
VK9XG;G3TXF;2018-10
VK9XQ;DF8AN;2018-10
VK9XT;N4GNR;2018-09
VO1A;VO1IDX;2018-11
VO2AAA;VE9CB;2019-01
VO2AC;VE3FU;2019-01
VP2EAB;WA7NB;2018-11
VP2EAQ;KE1B;2018-11
VP2EAR;W6NN;2018-11
VP2EGO;WB2REM;2018-03
VP2EJS;N2LK;2018-11
VP2EMB;PA3FYC;2019-04
VP2ETE;W3HNK;2019-10
VP2MAF;KA1AF;2018-10
VP2MAL;AL7BA;2018-10
VP2MBI;W1MD;2018-02
VP2MCB;WA1Z;2019-01
VP2MKG;K5KG;2018-02
VP2MLB;K7NM;2018-11
VP2MMF;KU9C;2019-03
VP2MQX;K1QX;2018-02
VP2MSS;K1QX;2018-02
VP2MSW;K3SW;2019-10
VP2V/AA7V;AA7V;2018-09
VP2V/K6NAO;JA1HGY;2018-11
VP2V/K6TOP;EA5GL;2019-07
VP2V/N5AQ;N5AQ;2019-09
VP2V/N9DK;N9DK;2018-06
VP2V/WJ2O;N2ZN;2018-11
VP2VEM;K5WE;2019-09
VP2VGG;EA5GL;2019-07
VP5/AA5UK;AA5UK;2019-02
VP5/AF3K;N2OO;2019-03
VP5/K2SX;K2SX;2019-05
VP5/K4BAI;K4BAI;2019-05
VP5/KC5WXA;KC5WXA;2018-05
VP5/KK4R;KK4R;2019-05
VP5/N9EAJ;N9EAJ;2018-02
VP5/W2TT;N2OO;2019-03
VP5D;W3HNK;2018-10
VP5DR;W9DR;2018-06
VP5M;K4PQL;2018-11
VP5P;N2OO;2019-03
VP5W;KD3TB;2019-10
VP6R;K9CT;2019-10
VP8CTR;DL5EBE;2019-03
VP8EME;VP8ALJ;2018-08
VP8HDM;VP8LP;2018-06
VP9/AA4V;AA4V;2018-10
VP9/DL1YAF;DL1YAF;2019-09
VP9/K4AJA;K4AJA;2018-10
VP9/KB3KYH;KB3KYH;2018-06
VP9/N1SV;N1SV;2019-10
VP9/N4SF;N4SF;2018-10
VP9/W4GE;W4GE;2018-10
VP9/WA4PGM;WA4PGM;2018-06
VP9AD;W3HNK;2018-10
VP9HQ;KU9C;2019-07
VP9I;WW3S;2019-10
VP9IN;EC5AC;2018-10
VP9KF;W4/VP9KF;2018-10
VP9NJ;K1EFI;2018-08
VQ5Z;VE3IKV;2018-06
VQ920JC;ND9M;2018-01
VQ920JC;NF9M;2018-01
VR2/AH2Y;HL1IWD;2018-05
VR20/W1DQR;JJ1DQR;2018-03
VR2019CWC;VR2XRW;2019-06
VR2CC;VR2XRW;2018-09
VR2FIFA;VR2XRW;2018-06
VR2K;VR2XRW;2018-05
VU4G;G4IRN;2018-02
VU7RI;M0KRI;2019-10
VU8FOC;VU2PTT;2018-04
VX2A11;VE2STN;2019-07
VX4WARC;VE4BB;2019-06
VY0BRR;VE2XXB;2018-07
VY0ERC;M0OXO;2019-08
VY0RST/VY0;K7ICE;2019-01
VY2ZM;EA7HBC;2019-08
W0CWO;W0TG;2019-04
W1CWT;W0TG;2019-04
W1R;N2TA;2019-08
W1USN/TI5;W1USN;2019-01
W1VX/KH8;JF1OCQ;2018-11
W2D;KB2FMH;2018-01
W2G;K2RYD;2018-12
W2L;K2RYD;2018-12
W2P;KB2FMH;2018-05
W2P;W2ZQ;2019-01
W2Q;N2TA;2019-08
W2T;W2ZQ;2018-01
W2T;N2OO;2019-08
W3FOX/M;W3FOX;2019-07
W3R;NY9H;2019-07
W4/SM6WET/P;SM6WET;2019-07
W4AN;K4BAI;2018-07
W4P;W4UCJ;2018-04
W4T;K4BBH;2018-06
W6CWO;W0TG;2019-04
W7CWO;W0TG;2019-04
W7HU/HC7;W7HU;2019-06
W8/YU1CA;YU1CA;2019-10
W8D;KB2FMH;2018-01
W9CWO;W0TG;2019-04
W9HT/VP9;W9HT;2019-07
WA1FOC;K1SA;2018-05
WA5FLD/P;WA5FLD;2018-12
WC1X/VE2;WC1X;2019-10
WH0RU;JG7PSJ;2019-09
WH2JA;JR3RIU;2018-06
WH7M;K1YR;2019-07
WH8/DL2AH;DL2AH;2018-09
WJ2O/HI3;N2ZN;2019-02
WP3Q;ND3F;2018-10
WP3R;W3HNK;2019-10
WP4X;N4AO;2019-05
WY7CWO;W0TG;2019-04
XE1/N4DMH;N4DMH;2019-09
XE3N;EA5GL;2019-10
XF3LL;EA5GL;2019-08
XL75A;VE7JH;2018-07
XN1M;VO1IDX;2019-06
XP1SC;OZ2CBA;2018-12
XR0YD;DL4SVA;2018-02
XR0ZRC;R7AL;2019-03
XR1SDC;EA1AUM;2018-09
XR2FPA;CE2AA;2018-09
XT2BR;F8FUA;2018-08
XT2MAX;DK1MAX;2018-03
XT2SE;IK3GES;2019-06
XT2SZZ;S59ZZ;2018-10
XU7AEY;BG9XD;2018-03
XU7AKJ;JA3ULS;2019-04
XU7AKL;BG4HRM;2018-03
XU7AKP;IW3SNW;2019-06
XU7AMD;IK2VUC;2019-06
XU7AME;EA5GL;2018-10
XU7AMG;BD4HF;2019-01
XU7AMG;BG9XD;2019-06
XU7YTT;IW7EGQ;2018-02
XV9BG;RW0BG;2018-03
XV9BO;DL7BO;2019-01
XV9D;EA5GL;2018-11
XV9DF;M0OXO;2019-06
XV9DLH;DK8ZZ;2018-02
XV9DXB;EB7DX;2019-05
XV9FUD;SP2GCJ;2019-01
XV9HL;HL1AHS;2018-02
XV9JK;SP5APW;2019-03
XV9RH;OE1ZKC;2018-10
XV9XX;JL9AQH;2019-04
XV9XX;JL8AQH;2019-05
XV9YM;DL3YM;2019-02
XV9ZT;SP2GCJ;2019-01
XW4XR;E21EIC;2019-06
XX9B;PP1CZ;2018-03
XZ2B;JH3SIF;2019-01
XZ2C;JH1NBN;2019-03
YB0ARJ;JJ1RJR;2018-10
YB15RA;YC9ZVS;2018-05
YB3LZ/8;YB3MM;2018-05
YB3MM/2;IZ8CCW;2018-08
YB3TET/8;YB3MM;2018-05
YB54SU;YB8QF;2018-09
YB8EKA/P;YB8EKA;2018-04
YB8HZ/P;YB8BRI;2018-04
YB9/JJ1DQR;JJ1DQR;2018-05
YC8AO/P;HA3JB;2018-04
YC9DE;YB3MM;2019-03
YE4/DL3KZA;DL3KZA;2018-10
YF9CDL;IK2DUW;2019-01
YI3WHR;IK2DUW;2019-01
YJ0AFU;VK4AFU;2018-12
YJ0AG;M0OXO;2018-04
YJ0BCP;KD7WPJ;2019-09
YJ0CA;VK2YUS;2019-07
YJ0GA;ZL3GA;2019-07
YJ0GB;M0OXO;2018-02
YJ0GC;LZ1GC;2018-10
YJ3XPT;VK3XPT;2018-07
YJ3XPT;VK3XP;2018-08
YJ8RN;NZ4DX;2019-08
YL/DJ8QP;DJ8QP;2019-09
YL0JMB;YL3GBC;2018-09
YL11WCA;YL3GBC;2019-06
YN1N;NB3I;2018-02
YN2RP;NN3RP;2019-07
YN4RRC;RZ3FW;2018-11
YO/DJ8QP;DJ8QP;2018-06
YO14IPA;YO3AS;2018-09
YO15IPA;YO3AS;2019-04
YO2019EU;YO3KAA;2019-01
YO3/IK5MEP;IK5MEP;2019-06
YO3IPA;YO3AAS;2019-03
YP0F;YO9RIJ;2019-08
YP0H;VE7NY;2019-07
YP1000LEANY;YO6KNE;2019-07
YP100ARR;YO9RIJ;2018-02
YP1IP;YO3KEX;2018-09
YP2019HNY;YO3KPA;2018-12
YP27EKE;YO6PIB;2018-08
YP2XMAS;YO2MSB;2018-12
YP3XMAS;YO9FNP;2018-12
YP4XMAS;YO2MSB;2018-12
YP6XMAS;YO2MSB;2018-12
YP7BARDF;YO7KFX;2018-06
YP7P;YO7LFV;2018-03
YP7XMAS;YO2MSB;2018-12
YP8T;YO8KGA;2018-03
YP8XMAS;YO2MSB;2018-12
YQ0BIKE;YO6KNE;2019-08
YQ69MSCC;YO2MKI;2018-04
YQ6A;YO6BHN;2018-02
YQ6WFF;YO6KPT;2018-10
YQ8T;YO8KGA;2019-09
YR0MB;YO5BFJ;2018-11
YR0REX;YO5BFJ;2018-10
YR100R;YO3KAA;2018-01
YR100U;YO5KDV;2018-03
YR18BEE;YO6LB;2018-05
YR1918BB;YO8AXP;2018-11
YR19PFS;YO6KNW;2019-05
YR19PFS;YO6KNE;2019-06
YR2019SIMPO;YO3KAA;2019-09
YR48REV;YO7HUZ;2018-07
YR57GC;YO8AXP;2018-04
YR80FOC;YO3FLR;2018-05
YR9F;YO9FNP;2019-08
YS1/AA4NC;EA5GL;2019-01
YS1/AA4NC;AA4NC;2019-02
YS1RR;DJ9ZB;2019-10
YS1RS;EB7DX;2019-09
YT0HQ;YU1SRS;2019-07
YT0YOTA;YU1SRS;2018-07
YT100SF;YU1SRS;2018-02
YT10WCA;YT2KID;2019-06
YT44GS;YU1SU;2018-09
YT5A;YT1AD;2019-10
YT600WCA;YU1CA;2018-09
YT73DP;YU1SU;2018-05
YT74DP;YU1CA;2019-05
YU/4O4A;LX1NO;2018-08
YU/9A1AA/P;9A1AA;2018-08
YU0WFF/P;YU1SRS;2018-09
YU100APV;YU7APV;2018-09
YU100WWI;YU1SRS;2018-02
YU125VS;YU1BBV;2019-03
YU18FWC;YU1SRS;2018-06
YU70EXY;YU1EXY;2018-02
YU70SRV;YU7APV;2018-05
YU73BFG;YU8A;2019-03
YU85AOP;YU7AOP;2018-06
YV1DIG;EA7JX;2018-03
YV5OIE;SM6CVX;2018-09
YW5DX;W4DTA;2018-11
YW6CQ;YV6BXN;2019-03
Z21LS;DE1ZHB;2019-08
Z22VC;SP7VC;2019-02
Z23MD;IK2VUC;2018-10
Z2LA;M0OXO;2018-02
Z3/IZ5YHD;IZ5YHD;2018-08
Z3/KU1CW;KU1CW;2019-07
Z3B;Z37CEF;2018-03
Z3M;Z37M;2019-06
Z3Y;Z37Y;2018-05
Z6/EI5GM;M0OXO;2018-10
Z6/EI9FBB;EI9FBB;2018-10
Z6/IZ5YHD;IZ5YHD;2018-08
Z6/S56A;S56A;2018-02
Z60A;OH2BH;2019-07
Z61MA;4O7MA;2018-02
Z66D;OK6DJ;2018-04
Z66DH;M0SDV;2018-12
Z66EME;DG8NCO;2018-04
Z66X;OH2BH;2018-07
Z66Y;Z62FB;2019-03
Z66Z;OZ1ACB;2019-04
Z68AA;9A6AA;2018-05
Z68BH;OH2BH;2018-05
Z68FK;DL7FER;2019-02
Z68HZ;TA1HZ;2018-08
Z68M;Z32ZM;2018-02
Z68RBJ;9A5RBJ;2018-05
Z68UR;M0URX;2018-09
Z81B;IZ0EGA;2019-10
Z81D;OM3JW;2019-06
Z81Z;K4ZW;2019-03
ZA/DL7UCX;DL7UCX;2019-10
ZA/HA2SG;HA2SG;2019-09
ZA/LZ1MS;LZ1MS;2018-11
ZA/SP6JZL;DL6EBH;2018-05
ZA/SP7IDX;SP7IDX;2018-08
ZA/SQ3MIS/P;SQ3MIS;2019-06
ZA5V;OE6FNG;2018-09
ZB2/DF8AN;DF8AN;2018-05
ZB2IG19;ZB2BU;2019-06
ZB2LGT;ZB2BU;2019-08
ZB2RAF;G8FC;2018-04
ZD8AC;N4GNR;2018-02
ZD8JH;W4VCO;2018-09
ZD8RA;WW6RG;2018-02
ZD8SC;WB4GHY;2019-08
ZD9CW;LZ1JZ;2018-09
ZF1A;K6AM;2019-07
ZF1EJ;K6AM;2019-07
ZF2CJ;JJ2RCJ;2019-06
ZF2D;AA4FL;2019-04
ZF2EV;K3HTK;2018-04
ZF2EZ;W5SJ;2019-08
ZF2GO;K6GO;2019-07
ZF2IN;N6WIN;2018-10
ZF2LT;K8HTC;2018-06
ZF2LZ;NN1C;2019-10
ZF2MJ;N6MJ;2019-10
ZF2MX;KI6SMX;2018-10
ZF2NA;NA6MB;2019-07
ZF2NR;K0NR;2018-03
ZF2OL;KC3OL;2019-01
ZF2PD;N2LM;2019-01
ZF2RM;K3TRM;2018-05
ZF2RR;KI6RRN;2018-10
ZF2TH;N3DL;2019-04
ZF2UL;K3UL;2019-03
ZF2WW;KK6NON;2018-10
ZF2WW;K6JO;2019-02
ZF9CW;K5GO;2019-10
ZF9DX;K0DEQ;2018-07
ZK3A;YT1AD;2019-09
ZL/SM3TLG;SM3TLG;2018-02
ZL18HNY;ZL1SLO;2018-01
ZL1FOC;ZL3CW;2018-05
ZL1R;ZL1SLO;2018-09
ZL3/OK1MV;OK1MV;2019-09
ZL6FTDM;F1ULQ;2019-08
ZL6FTDMC;F1ULQ;2019-08
ZL6YOTA;M0SDV;2018-12
ZL7C;ZL2AYZ;2019-03
ZL7DX;M0OXO;2019-06
ZL80FOC;ZL2AGY;2018-05
ZM1A;ZL3CW;2019-07
ZP4KFX;IK2DUW;2019-09
ZP5DA;EB7DX;2019-01
ZP5DNB;IK2DUW;2018-09
ZP5KO;PY4KL;2019-07
ZP6ARO;IK2DUW;2019-09
ZP6TT;IK2DUW;2018-07
ZR2A;DM5EE;2018-11
ZR2A/4;DM5EE;2019-06
ZS0RR;PA2PGU;2019-06
ZS0RR;PA2GPU;2019-10
ZS1/R1CC;DJ1ND;2018-02
ZS1AO;DJ2HD;2019-01
ZS1SBW;PA2PGU;2019-09
ZS3Y;N4GNR;2019-01
ZS4JAN;EA5GL;2019-01
ZS6CCY;K3IRV;2019-08
ZS6RAS;EA5GL;2018-09
ZS6S;EA5GL;2019-04
ZS6TVB;N4GNR;2019-09
ZS9FOC;ZS1C;2018-05
ZS9V;M0OXO;2019-08
ZS9Z;ZS1OIN;2019-09
ZV100GP;PY2AA;2019-10
ZV1C;PU2VCP;2018-03
ZV1FF;PS8RV;2019-03
ZV50Y;PT2OP;2019-08
ZV5O;PY5QW;2018-03
ZV5O;PY5ZD;2018-07
ZV7COM;PR7AYE;2018-04
ZV7FF;PS8RV;2018-11
ZV7L;PT2OP;2018-08
ZV7T;PR7AYE;2018-02
ZV8FF;PS8RV;2018-06
ZW2MT;PY2AE;2018-03
ZW2T;PY2RKG;2019-03
ZW50EDB;PY1EDB;2018-10
ZW50Y;PT2OP;2019-09
ZW5ARCCO;PY6TV;2019-09
ZW5B;K3IRV;2019-07
ZW7COM;PR7AYE;2018-04
ZW7O;PY7WM;2019-02
ZW85LABRE;PT2ADM;2019-01
ZW8T;PS8HF;2019-08
ZX40ZT;PT7ZT;2019-07
ZX50Y;PT2OP;2019-10
ZX7COM;PR7AYE;2018-04
ZX8NO;PT2GTI;2018-01
ZX8T;PY4KL;2019-04
ZX8TI;PT2GTI;2018-01
ZY130ULD;PY4RR;2018-08
ZY160CAT;PP2BO;2019-08
ZY2Y;W2CCW;2018-03
ZY40ZT;PT7ZT;2019-07
ZY4ULD;PY4RR;2018-08
ZY6C;PY6TV;2019-01
ZY6V;PY6HD;2018-11
ZZ1C;PY1CC;2019-04
ZZ1R;PY2AE;2019-07
ZZ40ZT;PT7ZT;2019-07
ZZ4A;PY2RMZ;2019-04
ZZ5P;PY2GTA;2019-01
ZZ6Z;PY6HD;2018-11
